
/*!40101 SET @OLD_CHARACTER_SET_CLIENT=@@CHARACTER_SET_CLIENT */;
/*!40101 SET @OLD_CHARACTER_SET_RESULTS=@@CHARACTER_SET_RESULTS */;
/*!40101 SET @OLD_COLLATION_CONNECTION=@@COLLATION_CONNECTION */;
/*!40101 SET NAMES utf8 */;
/*!40103 SET @OLD_TIME_ZONE=@@TIME_ZONE */;
/*!40103 SET TIME_ZONE='+00:00' */;
/*!40014 SET @OLD_UNIQUE_CHECKS=@@UNIQUE_CHECKS, UNIQUE_CHECKS=0 */;
/*!40014 SET @OLD_FOREIGN_KEY_CHECKS=@@FOREIGN_KEY_CHECKS, FOREIGN_KEY_CHECKS=0 */;
/*!40101 SET @OLD_SQL_MODE=@@SQL_MODE, SQL_MODE='NO_AUTO_VALUE_ON_ZERO' */;
/*!40111 SET @OLD_SQL_NOTES=@@SQL_NOTES, SQL_NOTES=0 */;

/*!40000 DROP DATABASE IF EXISTS `parse_csv`*/;

CREATE DATABASE /*!32312 IF NOT EXISTS*/ `parse_csv` /*!40100 DEFAULT CHARACTER SET utf8 COLLATE utf8_unicode_ci */;

USE `parse_csv`;
DROP TABLE IF EXISTS `brands`;
/*!40101 SET @saved_cs_client     = @@character_set_client */;
/*!40101 SET character_set_client = utf8 */;
CREATE TABLE `brands` (
  `id` int(10) unsigned NOT NULL AUTO_INCREMENT,
  `name` varchar(16) CHARACTER SET utf8 COLLATE utf8_unicode_ci NOT NULL,
  `pattern` varchar(128) DEFAULT NULL,
  PRIMARY KEY (`id`),
  UNIQUE KEY `name` (`name`)
) ENGINE=InnoDB DEFAULT CHARSET=utf8;
/*!40101 SET character_set_client = @saved_cs_client */;

LOCK TABLES `brands` WRITE;
/*!40000 ALTER TABLE `brands` DISABLE KEYS */;
INSERT INTO `brands` (`id`, `name`, `pattern`) VALUES (1,'Pallas',NULL);
INSERT INTO `brands` (`id`, `name`, `pattern`) VALUES (2,'CCM',NULL);
INSERT INTO `brands` (`id`, `name`, `pattern`) VALUES (3,'Reebok','reebok|rbk');
INSERT INTO `brands` (`id`, `name`, `pattern`) VALUES (5,'Bauer','bauer|nbh');
INSERT INTO `brands` (`id`, `name`, `pattern`) VALUES (7,'Tackla',NULL);
INSERT INTO `brands` (`id`, `name`, `pattern`) VALUES (8,'Torspo',NULL);
INSERT INTO `brands` (`id`, `name`, `pattern`) VALUES (9,'Easton',NULL);
INSERT INTO `brands` (`id`, `name`, `pattern`) VALUES (10,'TAC',NULL);
INSERT INTO `brands` (`id`, `name`, `pattern`) VALUES (11,'TPS',NULL);
INSERT INTO `brands` (`id`, `name`, `pattern`) VALUES (12,'GRAF',NULL);
INSERT INTO `brands` (`id`, `name`, `pattern`) VALUES (13,'Salming',NULL);
INSERT INTO `brands` (`id`, `name`, `pattern`) VALUES (14,'Koho',NULL);
INSERT INTO `brands` (`id`, `name`, `pattern`) VALUES (15,'GRIT',NULL);
INSERT INTO `brands` (`id`, `name`, `pattern`) VALUES (16,'Vegum',NULL);
INSERT INTO `brands` (`id`, `name`, `pattern`) VALUES (17,'Mad Guy','mad\\s*guy');
INSERT INTO `brands` (`id`, `name`, `pattern`) VALUES (18,'Jofa',NULL);
INSERT INTO `brands` (`id`, `name`, `pattern`) VALUES (19,'Montreal',NULL);
INSERT INTO `brands` (`id`, `name`, `pattern`) VALUES (20,'Mission',NULL);
INSERT INTO `brands` (`id`, `name`, `pattern`) VALUES (21,'Sher-Wood','sher[\\-\\s]+?wood');
INSERT INTO `brands` (`id`, `name`, `pattern`) VALUES (22,'Kosa',NULL);
INSERT INTO `brands` (`id`, `name`, `pattern`) VALUES (23,'OXDOG',NULL);
INSERT INTO `brands` (`id`, `name`, `pattern`) VALUES (24,'Wall',NULL);
INSERT INTO `brands` (`id`, `name`, `pattern`) VALUES (25,'FORTUNA',NULL);
INSERT INTO `brands` (`id`, `name`, `pattern`) VALUES (26,'SSM',NULL);
INSERT INTO `brands` (`id`, `name`, `pattern`) VALUES (27,'Gufex',NULL);
INSERT INTO `brands` (`id`, `name`, `pattern`) VALUES (28,'Viking',NULL);
INSERT INTO `brands` (`id`, `name`, `pattern`) VALUES (29,'OAKLEY',NULL);
/*!40000 ALTER TABLE `brands` ENABLE KEYS */;
UNLOCK TABLES;
DROP TABLE IF EXISTS `categories`;
/*!40101 SET @saved_cs_client     = @@character_set_client */;
/*!40101 SET character_set_client = utf8 */;
CREATE TABLE `categories` (
  `id` int(10) unsigned NOT NULL AUTO_INCREMENT,
  `name` varchar(32) CHARACTER SET utf8 COLLATE utf8_unicode_ci NOT NULL,
  `pattern` varchar(128) DEFAULT NULL,
  `parent_id` int(10) unsigned DEFAULT NULL,
  PRIMARY KEY (`id`),
  UNIQUE KEY `name` (`name`,`parent_id`),
  KEY `parent_id` (`parent_id`),
  CONSTRAINT `parent_id` FOREIGN KEY (`parent_id`) REFERENCES `categories` (`id`) ON DELETE CASCADE ON UPDATE CASCADE
) ENGINE=InnoDB DEFAULT CHARSET=utf8;
/*!40101 SET character_set_client = @saved_cs_client */;

LOCK TABLES `categories` WRITE;
/*!40000 ALTER TABLE `categories` DISABLE KEYS */;
INSERT INTO `categories` (`id`, `name`, `pattern`, `parent_id`) VALUES (1,'Защита','защита',NULL);
INSERT INTO `categories` (`id`, `name`, `pattern`, `parent_id`) VALUES (2,'Шлемы','шлем',1);
INSERT INTO `categories` (`id`, `name`, `pattern`, `parent_id`) VALUES (3,'Маски, визоры','маска\\s*-\\s*визор|визор\\s*-\\s*маска|маска|визор|защита\\s+лица',1);
INSERT INTO `categories` (`id`, `name`, `pattern`, `parent_id`) VALUES (4,'Нагрудники','нагрудник',1);
INSERT INTO `categories` (`id`, `name`, `pattern`, `parent_id`) VALUES (5,'Налокотники','налокотник|защита\\s+локтя',1);
INSERT INTO `categories` (`id`, `name`, `pattern`, `parent_id`) VALUES (6,'Щитки','щитки|защита\\s+голени',1);
INSERT INTO `categories` (`id`, `name`, `pattern`, `parent_id`) VALUES (7,'Перчатки','перчатк(?:а|и)?',1);
INSERT INTO `categories` (`id`, `name`, `pattern`, `parent_id`) VALUES (8,'Трусы','трусы|ремень\\s+для\\s+трусов',1);
INSERT INTO `categories` (`id`, `name`, `pattern`, `parent_id`) VALUES (9,'Клюшки','клюшк(?:а|и)?',NULL);
INSERT INTO `categories` (`id`, `name`, `pattern`, `parent_id`) VALUES (10,'Взрослые','(клюшк(?:а|и)?)\\s+.*\\bSR',9);
INSERT INTO `categories` (`id`, `name`, `pattern`, `parent_id`) VALUES (11,'Юниорские','(клюшк(?:а|и)?)\\s+.*\\bJR',9);
INSERT INTO `categories` (`id`, `name`, `pattern`, `parent_id`) VALUES (12,'Детские','(клюшк(?:а|и)?)\\s+.*\\bYTH',9);
INSERT INTO `categories` (`id`, `name`, `pattern`, `parent_id`) VALUES (13,'Палки, крюки','трубка|рукоят(?:ь|ка)?|крюк|лопаст(?:ь|и)?',9);
INSERT INTO `categories` (`id`, `name`, `pattern`, `parent_id`) VALUES (14,'Коньки','коньки',NULL);
INSERT INTO `categories` (`id`, `name`, `pattern`, `parent_id`) VALUES (15,'Взрослые','(коньки)\\s+.*\\bSR',14);
INSERT INTO `categories` (`id`, `name`, `pattern`, `parent_id`) VALUES (16,'Юниорские','(коньки)\\s+.*\\bJR',14);
INSERT INTO `categories` (`id`, `name`, `pattern`, `parent_id`) VALUES (17,'Детские','(коньки)\\s+.*\\bYTH',14);
INSERT INTO `categories` (`id`, `name`, `pattern`, `parent_id`) VALUES (18,'Стаканы, лезвия','стакан|лезви(?:е|я)',14);
INSERT INTO `categories` (`id`, `name`, `pattern`, `parent_id`) VALUES (19,'Сумки','сумка',NULL);
INSERT INTO `categories` (`id`, `name`, `pattern`, `parent_id`) VALUES (20,'Одежда, обувь',NULL,NULL);
INSERT INTO `categories` (`id`, `name`, `pattern`, `parent_id`) VALUES (21,'Белье нательное','белье',20);
INSERT INTO `categories` (`id`, `name`, `pattern`, `parent_id`) VALUES (22,'Майки тренировочные','майка|рубашка',20);
INSERT INTO `categories` (`id`, `name`, `pattern`, `parent_id`) VALUES (23,'Костюмы','костюм|куртка',20);
INSERT INTO `categories` (`id`, `name`, `pattern`, `parent_id`) VALUES (24,'Футболки','футболка|поло|футболка\\s+-\\s+поло',20);
INSERT INTO `categories` (`id`, `name`, `pattern`, `parent_id`) VALUES (25,'Кофты, толстовки','кофта|толстовка|джемпер|свитер',20);
INSERT INTO `categories` (`id`, `name`, `pattern`, `parent_id`) VALUES (26,'Брюки спортивные','брюки',20);
INSERT INTO `categories` (`id`, `name`, `pattern`, `parent_id`) VALUES (27,'Обувь','сандали|тапочки',1);
INSERT INTO `categories` (`id`, `name`, `pattern`, `parent_id`) VALUES (28,'Аксессуары',NULL,NULL);
INSERT INTO `categories` (`id`, `name`, `pattern`, `parent_id`) VALUES (29,'Гамаши','гамаши',28);
INSERT INTO `categories` (`id`, `name`, `pattern`, `parent_id`) VALUES (30,'Бандаж','бандаж|шорты(?:\\s*-\\s*бандаж)?|паховая\\s+защита|раковина',28);
INSERT INTO `categories` (`id`, `name`, `pattern`, `parent_id`) VALUES (31,'Защита шеи','защита\\s+(?:шеи|горла)',28);
INSERT INTO `categories` (`id`, `name`, `pattern`, `parent_id`) VALUES (32,'Защита запястья','защита\\s+запястья',28);
INSERT INTO `categories` (`id`, `name`, `pattern`, `parent_id`) VALUES (33,'Пояс для гамаш','пояс\\s+для\\s+гамаш',28);
INSERT INTO `categories` (`id`, `name`, `pattern`, `parent_id`) VALUES (34,'Подтяжки','подтяжки',28);
INSERT INTO `categories` (`id`, `name`, `pattern`, `parent_id`) VALUES (35,'Шайбы и мячи','шайб(?:а|ы)|мячи?',28);
INSERT INTO `categories` (`id`, `name`, `pattern`, `parent_id`) VALUES (36,'Шнурки','шнурки',28);
INSERT INTO `categories` (`id`, `name`, `pattern`, `parent_id`) VALUES (37,'Чехлы для коньков','чехлы\\s+для\\s+коньков',28);
INSERT INTO `categories` (`id`, `name`, `pattern`, `parent_id`) VALUES (38,'Экипировка вратаря',NULL,NULL);
INSERT INTO `categories` (`id`, `name`, `pattern`, `parent_id`) VALUES (39,'Блины','блин',38);
INSERT INTO `categories` (`id`, `name`, `pattern`, `parent_id`) VALUES (40,'Ловушки','ловушка',38);
INSERT INTO `categories` (`id`, `name`, `pattern`, `parent_id`) VALUES (41,'Блокеры','блокер',38);
INSERT INTO `categories` (`id`, `name`, `pattern`, `parent_id`) VALUES (42,'Сетки и гасители','сетка|гаситель',NULL);
INSERT INTO `categories` (`id`, `name`, `pattern`, `parent_id`) VALUES (43,'Защита плеч','защита\\s+плеч',1);
/*!40000 ALTER TABLE `categories` ENABLE KEYS */;
UNLOCK TABLES;
DROP TABLE IF EXISTS `products`;
/*!40101 SET @saved_cs_client     = @@character_set_client */;
/*!40101 SET character_set_client = utf8 */;
CREATE TABLE `products` (
  `id` int(10) unsigned NOT NULL AUTO_INCREMENT,
  `name` varchar(64) CHARACTER SET utf8 COLLATE utf8_unicode_ci NOT NULL,
  `model` varchar(128) CHARACTER SET utf8 COLLATE utf8_unicode_ci NOT NULL,
  `article` varchar(16) NOT NULL,
  `brand_id` int(10) unsigned DEFAULT NULL,
  `category_id` int(10) unsigned NOT NULL,
  `size` text,
  `color` text,
  `orient` text,
  PRIMARY KEY (`id`),
  KEY `brand_id` (`brand_id`),
  KEY `category_id` (`category_id`),
  KEY `name` (`name`,`model`,`article`,`category_id`),
  CONSTRAINT `brand_id` FOREIGN KEY (`brand_id`) REFERENCES `brands` (`id`) ON DELETE SET NULL ON UPDATE CASCADE,
  CONSTRAINT `category_id` FOREIGN KEY (`category_id`) REFERENCES `categories` (`id`) ON DELETE NO ACTION ON UPDATE CASCADE
) ENGINE=InnoDB DEFAULT CHARSET=utf8;
/*!40101 SET character_set_client = @saved_cs_client */;

LOCK TABLES `products` WRITE;
/*!40000 ALTER TABLE `products` DISABLE KEYS */;
INSERT INTO `products` (`id`, `name`, `model`, `article`, `brand_id`, `category_id`, `size`, `color`, `orient`) VALUES (1,'Трусы','154 HP Active','',1,8,NULL,NULL,NULL);
INSERT INTO `products` (`id`, `name`, `model`, `article`, `brand_id`, `category_id`, `size`, `color`, `orient`) VALUES (2,'Трусы','Судейские PG9','H359000900',2,8,NULL,NULL,NULL);
INSERT INTO `products` (`id`, `name`, `model`, `article`, `brand_id`, `category_id`, `size`, `color`, `orient`) VALUES (3,'Трусы','Хоккейные 3K YTH','H452103214',3,8,NULL,NULL,NULL);
INSERT INTO `products` (`id`, `name`, `model`, `article`, `brand_id`, `category_id`, `size`, `color`, `orient`) VALUES (4,'Трусы','Хоккейные 7K SR','H452107004',3,8,NULL,NULL,NULL);
INSERT INTO `products` (`id`, `name`, `model`, `article`, `brand_id`, `category_id`, `size`, `color`, `orient`) VALUES (5,'Трусы','Хоккейные Supreme ONE95 Euro SR','1031546',5,8,NULL,NULL,NULL);
INSERT INTO `products` (`id`, `name`, `model`, `article`, `brand_id`, `category_id`, `size`, `color`, `orient`) VALUES (6,'Трусы','Хоккейные Supreme 75 Pant SR','1031557',5,8,NULL,NULL,NULL);
INSERT INTO `products` (`id`, `name`, `model`, `article`, `brand_id`, `category_id`, `size`, `color`, `orient`) VALUES (7,'Трусы','Хоккейные Supreme 55 Pant SR','1031619',5,8,NULL,NULL,NULL);
INSERT INTO `products` (`id`, `name`, `model`, `article`, `brand_id`, `category_id`, `size`, `color`, `orient`) VALUES (8,'Трусы','Хоккейные Supreme 55 Pant JR','1031620',5,8,NULL,NULL,NULL);
INSERT INTO `products` (`id`, `name`, `model`, `article`, `brand_id`, `category_id`, `size`, `color`, `orient`) VALUES (9,'Трусы','Хоккейные Supreme 35 Pant JR','1031690',5,8,NULL,NULL,NULL);
INSERT INTO `products` (`id`, `name`, `model`, `article`, `brand_id`, `category_id`, `size`, `color`, `orient`) VALUES (10,'Трусы','Хоккейные Supreme 35 Pant SR','1031692',5,8,NULL,NULL,NULL);
INSERT INTO `products` (`id`, `name`, `model`, `article`, `brand_id`, `category_id`, `size`, `color`, `orient`) VALUES (11,'Трусы','Хоккейные Supreme 15 Pant SR','1031755',5,8,NULL,NULL,NULL);
INSERT INTO `products` (`id`, `name`, `model`, `article`, `brand_id`, `category_id`, `size`, `color`, `orient`) VALUES (12,'Трусы','Хоккейные Supreme Adaptable Core Pad SR','1031788',5,8,NULL,NULL,NULL);
INSERT INTO `products` (`id`, `name`, `model`, `article`, `brand_id`, `category_id`, `size`, `color`, `orient`) VALUES (13,'Трусы','Хоккейные Supreme TOTAL ONE SR','1036955',5,8,NULL,NULL,NULL);
INSERT INTO `products` (`id`, `name`, `model`, `article`, `brand_id`, `category_id`, `size`, `color`, `orient`) VALUES (14,'Трусы','Хоккейные Supreme ONE 60 SR','1037039',5,8,NULL,NULL,NULL);
INSERT INTO `products` (`id`, `name`, `model`, `article`, `brand_id`, `category_id`, `size`, `color`, `orient`) VALUES (15,'Трусы','Хоккейные Vapor XXXX Adaptable Core Pad SR','1025807',5,8,NULL,NULL,NULL);
INSERT INTO `products` (`id`, `name`, `model`, `article`, `brand_id`, `category_id`, `size`, `color`, `orient`) VALUES (16,'Трусы','Хоккейные Vapor X:60 SR','1033553',5,8,NULL,NULL,NULL);
INSERT INTO `products` (`id`, `name`, `model`, `article`, `brand_id`, `category_id`, `size`, `color`, `orient`) VALUES (17,'Трусы','Хоккейные Vapor X:30 SR','1033556',5,8,NULL,NULL,NULL);
INSERT INTO `products` (`id`, `name`, `model`, `article`, `brand_id`, `category_id`, `size`, `color`, `orient`) VALUES (18,'Трусы','Хоккейные Vapor X:30 JR','1033558',5,8,NULL,NULL,NULL);
INSERT INTO `products` (`id`, `name`, `model`, `article`, `brand_id`, `category_id`, `size`, `color`, `orient`) VALUES (19,'Трусы','Хоккейные Vapor X:20 SR','1033559',5,8,NULL,NULL,NULL);
INSERT INTO `products` (`id`, `name`, `model`, `article`, `brand_id`, `category_id`, `size`, `color`, `orient`) VALUES (20,'Трусы','Хоккейные Vapor X:20 JR','1033560',5,8,NULL,NULL,NULL);
INSERT INTO `products` (`id`, `name`, `model`, `article`, `brand_id`, `category_id`, `size`, `color`, `orient`) VALUES (21,'Трусы','Игрока НP U+ FIT 05 SR','H352350013',2,8,NULL,NULL,NULL);
INSERT INTO `products` (`id`, `name`, `model`, `article`, `brand_id`, `category_id`, `size`, `color`, `orient`) VALUES (22,'Трусы','Игрока НP U+ FIT 05 JR','H352350104',2,8,NULL,NULL,NULL);
INSERT INTO `products` (`id`, `name`, `model`, `article`, `brand_id`, `category_id`, `size`, `color`, `orient`) VALUES (23,'Трусы','Игрока НP U+ PRO SR','H352310004',2,8,NULL,NULL,NULL);
INSERT INTO `products` (`id`, `name`, `model`, `article`, `brand_id`, `category_id`, `size`, `color`, `orient`) VALUES (24,'Трусы','Хоккейные 9K SR','H452290504',3,8,NULL,NULL,NULL);
INSERT INTO `products` (`id`, `name`, `model`, `article`, `brand_id`, `category_id`, `size`, `color`, `orient`) VALUES (25,'Трусы','Хоккейные TP 44 Silver JR','',7,8,NULL,NULL,NULL);
INSERT INTO `products` (`id`, `name`, `model`, `article`, `brand_id`, `category_id`, `size`, `color`, `orient`) VALUES (26,'Трусы','Хоккейные TP 44 Silver SR','',7,8,NULL,NULL,NULL);
INSERT INTO `products` (`id`, `name`, `model`, `article`, `brand_id`, `category_id`, `size`, `color`, `orient`) VALUES (27,'Трусы','Хоккейные TP EX-PP 44 SR','',7,8,NULL,NULL,NULL);
INSERT INTO `products` (`id`, `name`, `model`, `article`, `brand_id`, `category_id`, `size`, `color`, `orient`) VALUES (28,'Трусы','610 игрока HP Surge','',8,8,NULL,NULL,NULL);
INSERT INTO `products` (`id`, `name`, `model`, `article`, `brand_id`, `category_id`, `size`, `color`, `orient`) VALUES (29,'Раковина','С подвязками YTH','1034522',5,30,NULL,NULL,NULL);
INSERT INTO `products` (`id`, `name`, `model`, `article`, `brand_id`, `category_id`, `size`, `color`, `orient`) VALUES (30,'Раковина','Женская WOMEN PELVIC','1035598',5,30,NULL,NULL,NULL);
INSERT INTO `products` (`id`, `name`, `model`, `article`, `brand_id`, `category_id`, `size`, `color`, `orient`) VALUES (31,'Раковина','С поясом для гамаш 4K JR','H461082500',3,30,NULL,NULL,NULL);
INSERT INTO `products` (`id`, `name`, `model`, `article`, `brand_id`, `category_id`, `size`, `color`, `orient`) VALUES (32,'Раковина','JOCK Strap JR','H461323500',3,30,NULL,NULL,NULL);
INSERT INTO `products` (`id`, `name`, `model`, `article`, `brand_id`, `category_id`, `size`, `color`, `orient`) VALUES (33,'Раковина','С подтяжками (3 in 1) JR','H461325500',3,30,NULL,NULL,NULL);
INSERT INTO `products` (`id`, `name`, `model`, `article`, `brand_id`, `category_id`, `size`, `color`, `orient`) VALUES (34,'Брюки','IIHF Warm-Up Pant Unisex','1026841',5,26,NULL,NULL,NULL);
INSERT INTO `products` (`id`, `name`, `model`, `article`, `brand_id`, `category_id`, `size`, `color`, `orient`) VALUES (35,'Шорты-бандаж','3K JOCK Short JR','H461213500',3,30,NULL,NULL,NULL);
INSERT INTO `products` (`id`, `name`, `model`, `article`, `brand_id`, `category_id`, `size`, `color`, `orient`) VALUES (36,'Шорты-бандаж','4K JOCK Short SR','H461313000',3,30,'XXL',NULL,NULL);
INSERT INTO `products` (`id`, `name`, `model`, `article`, `brand_id`, `category_id`, `size`, `color`, `orient`) VALUES (37,'Шорты-бандаж','4K JOCK Short JR','H461313500',3,30,NULL,NULL,NULL);
INSERT INTO `products` (`id`, `name`, `model`, `article`, `brand_id`, `category_id`, `size`, `color`, `orient`) VALUES (38,'Защита запястья','131 Pro','',1,32,NULL,NULL,NULL);
INSERT INTO `products` (`id`, `name`, `model`, `article`, `brand_id`, `category_id`, `size`, `color`, `orient`) VALUES (39,'Защита запястья','WSG','1035599',5,32,NULL,NULL,NULL);
INSERT INTO `products` (`id`, `name`, `model`, `article`, `brand_id`, `category_id`, `size`, `color`, `orient`) VALUES (40,'Защита локтя','Supreme ONE 40 JR','1037113',5,5,NULL,NULL,NULL);
INSERT INTO `products` (`id`, `name`, `model`, `article`, `brand_id`, `category_id`, `size`, `color`, `orient`) VALUES (41,'Защита локтя','Supreme ONE 40 SR','1037102',5,5,NULL,NULL,NULL);
INSERT INTO `products` (`id`, `name`, `model`, `article`, `brand_id`, `category_id`, `size`, `color`, `orient`) VALUES (42,'Защита локтя','Supreme ONE 40 YTH','1037114',5,5,NULL,NULL,NULL);
INSERT INTO `products` (`id`, `name`, `model`, `article`, `brand_id`, `category_id`, `size`, `color`, `orient`) VALUES (43,'Защита локтя','Vapor X:30 SR','1033466',5,5,NULL,NULL,NULL);
INSERT INTO `products` (`id`, `name`, `model`, `article`, `brand_id`, `category_id`, `size`, `color`, `orient`) VALUES (44,'Налокотник','EP Decra 34 JR','',1,5,NULL,NULL,NULL);
INSERT INTO `products` (`id`, `name`, `model`, `article`, `brand_id`, `category_id`, `size`, `color`, `orient`) VALUES (45,'Налокотник','EP Decra 34 PW','',1,5,NULL,NULL,NULL);
INSERT INTO `products` (`id`, `name`, `model`, `article`, `brand_id`, `category_id`, `size`, `color`, `orient`) VALUES (46,'Налокотник','EP Decra 34 SR','',1,5,NULL,NULL,NULL);
INSERT INTO `products` (`id`, `name`, `model`, `article`, `brand_id`, `category_id`, `size`, `color`, `orient`) VALUES (47,'Защита локтя','Supreme 75 JR','1031554',5,5,NULL,NULL,NULL);
INSERT INTO `products` (`id`, `name`, `model`, `article`, `brand_id`, `category_id`, `size`, `color`, `orient`) VALUES (48,'Защита локтя','Supreme 95 JR','1031523',5,5,NULL,NULL,NULL);
INSERT INTO `products` (`id`, `name`, `model`, `article`, `brand_id`, `category_id`, `size`, `color`, `orient`) VALUES (49,'Защита локтя','Supreme ONE 60 SR','1037063',5,5,NULL,NULL,NULL);
INSERT INTO `products` (`id`, `name`, `model`, `article`, `brand_id`, `category_id`, `size`, `color`, `orient`) VALUES (50,'Защита локтя','Vapor Lil Rookie YTH','1035323',5,5,NULL,NULL,NULL);
INSERT INTO `products` (`id`, `name`, `model`, `article`, `brand_id`, `category_id`, `size`, `color`, `orient`) VALUES (51,'Защита локтя','Vapor X:20 YTH','1033476',5,5,NULL,NULL,NULL);
INSERT INTO `products` (`id`, `name`, `model`, `article`, `brand_id`, `category_id`, `size`, `color`, `orient`) VALUES (52,'Защита локтя','Vapor X:30 JR','1033467',5,5,NULL,NULL,NULL);
INSERT INTO `products` (`id`, `name`, `model`, `article`, `brand_id`, `category_id`, `size`, `color`, `orient`) VALUES (53,'Защита локтя','Vapor X:40 JR','1033456',5,5,NULL,NULL,NULL);
INSERT INTO `products` (`id`, `name`, `model`, `article`, `brand_id`, `category_id`, `size`, `color`, `orient`) VALUES (54,'Защита локтя','Vapor X:60 SR','1033428',5,5,NULL,NULL,NULL);
INSERT INTO `products` (`id`, `name`, `model`, `article`, `brand_id`, `category_id`, `size`, `color`, `orient`) VALUES (55,'Защита локтя','Supreme 30 YTH','1027684',5,5,NULL,NULL,NULL);
INSERT INTO `products` (`id`, `name`, `model`, `article`, `brand_id`, `category_id`, `size`, `color`, `orient`) VALUES (56,'Защита локтя','Supreme 10 SR','1027687',5,5,NULL,NULL,NULL);
INSERT INTO `products` (`id`, `name`, `model`, `article`, `brand_id`, `category_id`, `size`, `color`, `orient`) VALUES (57,'Защита локтя','Supreme 10 YTH','1027693',5,5,NULL,NULL,NULL);
INSERT INTO `products` (`id`, `name`, `model`, `article`, `brand_id`, `category_id`, `size`, `color`, `orient`) VALUES (58,'Защита локтя','Vapor XXXX SR','1028943',5,5,NULL,NULL,NULL);
INSERT INTO `products` (`id`, `name`, `model`, `article`, `brand_id`, `category_id`, `size`, `color`, `orient`) VALUES (59,'Защита локтя','EP U+ FIT 03 SR','H358332000',2,5,NULL,NULL,NULL);
INSERT INTO `products` (`id`, `name`, `model`, `article`, `brand_id`, `category_id`, `size`, `color`, `orient`) VALUES (60,'Защита локтя','EP U+ FIT 03 JR','H358332100',2,5,NULL,NULL,NULL);
INSERT INTO `products` (`id`, `name`, `model`, `article`, `brand_id`, `category_id`, `size`, `color`, `orient`) VALUES (61,'Защита локтя','EP U+ FIT 03 YTH','H358332200',2,5,NULL,NULL,NULL);
INSERT INTO `products` (`id`, `name`, `model`, `article`, `brand_id`, `category_id`, `size`, `color`, `orient`) VALUES (62,'Защита локтя','EP U+ FIT 05 SR','H358017000',2,5,NULL,NULL,NULL);
INSERT INTO `products` (`id`, `name`, `model`, `article`, `brand_id`, `category_id`, `size`, `color`, `orient`) VALUES (63,'Защита локтя','EP U+ FIT 05 JR','H358017100',2,5,NULL,NULL,NULL);
INSERT INTO `products` (`id`, `name`, `model`, `article`, `brand_id`, `category_id`, `size`, `color`, `orient`) VALUES (64,'Защита локтя','EP 3K SR','H458332000',3,5,NULL,NULL,NULL);
INSERT INTO `products` (`id`, `name`, `model`, `article`, `brand_id`, `category_id`, `size`, `color`, `orient`) VALUES (65,'Защита локтя','EP 3K YTH','H458332200',3,5,NULL,NULL,NULL);
INSERT INTO `products` (`id`, `name`, `model`, `article`, `brand_id`, `category_id`, `size`, `color`, `orient`) VALUES (66,'Защита локтя','EP 8K JR','H458282100',3,5,NULL,NULL,NULL);
INSERT INTO `products` (`id`, `name`, `model`, `article`, `brand_id`, `category_id`, `size`, `color`, `orient`) VALUES (67,'Защита голени','Supreme ONE 40 JR','1037117',5,6,NULL,NULL,NULL);
INSERT INTO `products` (`id`, `name`, `model`, `article`, `brand_id`, `category_id`, `size`, `color`, `orient`) VALUES (68,'Защита голени','Supreme ONE 40 SR','1037115',5,6,NULL,NULL,NULL);
INSERT INTO `products` (`id`, `name`, `model`, `article`, `brand_id`, `category_id`, `size`, `color`, `orient`) VALUES (69,'Защита голени','Vapor X:20 JR','1033478',5,6,NULL,NULL,NULL);
INSERT INTO `products` (`id`, `name`, `model`, `article`, `brand_id`, `category_id`, `size`, `color`, `orient`) VALUES (70,'Защита голени','SG Decra','',1,6,'14',NULL,NULL);
INSERT INTO `products` (`id`, `name`, `model`, `article`, `brand_id`, `category_id`, `size`, `color`, `orient`) VALUES (71,'Защита голени','Supreme 55 SR','1031615',5,6,NULL,NULL,NULL);
INSERT INTO `products` (`id`, `name`, `model`, `article`, `brand_id`, `category_id`, `size`, `color`, `orient`) VALUES (72,'Защита голени','Supreme 55 JR','1031616',5,6,NULL,NULL,NULL);
INSERT INTO `products` (`id`, `name`, `model`, `article`, `brand_id`, `category_id`, `size`, `color`, `orient`) VALUES (73,'Защита голени','Supreme 75 SR','1031555',5,6,NULL,NULL,NULL);
INSERT INTO `products` (`id`, `name`, `model`, `article`, `brand_id`, `category_id`, `size`, `color`, `orient`) VALUES (74,'Защита голени','Supreme 75 JR','1031556',5,6,NULL,NULL,NULL);
INSERT INTO `products` (`id`, `name`, `model`, `article`, `brand_id`, `category_id`, `size`, `color`, `orient`) VALUES (75,'Защита голени','Supreme 95 JR','1031525',5,6,NULL,NULL,NULL);
INSERT INTO `products` (`id`, `name`, `model`, `article`, `brand_id`, `category_id`, `size`, `color`, `orient`) VALUES (76,'Защита голени','Supreme ONE 60 SR','1037074',5,6,NULL,NULL,NULL);
INSERT INTO `products` (`id`, `name`, `model`, `article`, `brand_id`, `category_id`, `size`, `color`, `orient`) VALUES (77,'Защита голени','Supreme ONE 80 SR','1037058',5,6,NULL,NULL,NULL);
INSERT INTO `products` (`id`, `name`, `model`, `article`, `brand_id`, `category_id`, `size`, `color`, `orient`) VALUES (78,'Защита голени','Vapor Lil Rookie YTH','1035325',5,6,NULL,NULL,NULL);
INSERT INTO `products` (`id`, `name`, `model`, `article`, `brand_id`, `category_id`, `size`, `color`, `orient`) VALUES (79,'Защита голени','Vapor X:20 SR','1033477',5,6,NULL,NULL,NULL);
INSERT INTO `products` (`id`, `name`, `model`, `article`, `brand_id`, `category_id`, `size`, `color`, `orient`) VALUES (80,'Защита голени','Vapor X:60 SR','1033431',5,6,NULL,NULL,NULL);
INSERT INTO `products` (`id`, `name`, `model`, `article`, `brand_id`, `category_id`, `size`, `color`, `orient`) VALUES (81,'Защита голени','SG 8K JR','H458284100',3,6,NULL,NULL,NULL);
INSERT INTO `products` (`id`, `name`, `model`, `article`, `brand_id`, `category_id`, `size`, `color`, `orient`) VALUES (82,'Перчатки','103 игрока Classic JR','',1,7,NULL,NULL,NULL);
INSERT INTO `products` (`id`, `name`, `model`, `article`, `brand_id`, `category_id`, `size`, `color`, `orient`) VALUES (83,'Перчатки','105 HG Classic Pro','',1,7,NULL,NULL,NULL);
INSERT INTO `products` (`id`, `name`, `model`, `article`, `brand_id`, `category_id`, `size`, `color`, `orient`) VALUES (84,'Перчатки','106 HG Classic Pro','',1,7,NULL,NULL,NULL);
INSERT INTO `products` (`id`, `name`, `model`, `article`, `brand_id`, `category_id`, `size`, `color`, `orient`) VALUES (85,'Перчатки','108 Ultra PRO','',1,7,NULL,NULL,NULL);
INSERT INTO `products` (`id`, `name`, `model`, `article`, `brand_id`, `category_id`, `size`, `color`, `orient`) VALUES (86,'Перчатки','Игрока HG 4R SR','H356249004',2,7,NULL,NULL,NULL);
INSERT INTO `products` (`id`, `name`, `model`, `article`, `brand_id`, `category_id`, `size`, `color`, `orient`) VALUES (87,'Перчатки','Игрока HG 4R JR','H356249104',2,7,NULL,NULL,NULL);
INSERT INTO `products` (`id`, `name`, `model`, `article`, `brand_id`, `category_id`, `size`, `color`, `orient`) VALUES (88,'Перчатки','Игрока 5K SR','H456350004',3,7,NULL,NULL,NULL);
INSERT INTO `products` (`id`, `name`, `model`, `article`, `brand_id`, `category_id`, `size`, `color`, `orient`) VALUES (89,'Перчатки','Игрока Supreme ONE95 Euro SR','1031550',5,7,NULL,NULL,NULL);
INSERT INTO `products` (`id`, `name`, `model`, `article`, `brand_id`, `category_id`, `size`, `color`, `orient`) VALUES (90,'Перчатки','Игрока Supreme One 75 SR','1031562',5,7,NULL,NULL,NULL);
INSERT INTO `products` (`id`, `name`, `model`, `article`, `brand_id`, `category_id`, `size`, `color`, `orient`) VALUES (91,'Перчатки','Игрока Supreme Pro 4-Roll Sr','1032701',5,7,NULL,NULL,NULL);
INSERT INTO `products` (`id`, `name`, `model`, `article`, `brand_id`, `category_id`, `size`, `color`, `orient`) VALUES (92,'Перчатки','Игрока Supreme TOTAL ONE SR','1036932',5,7,NULL,NULL,NULL);
INSERT INTO `products` (`id`, `name`, `model`, `article`, `brand_id`, `category_id`, `size`, `color`, `orient`) VALUES (93,'Перчатки','Игрока Supreme ONE 80 SR','1036937',5,7,NULL,NULL,NULL);
INSERT INTO `products` (`id`, `name`, `model`, `article`, `brand_id`, `category_id`, `size`, `color`, `orient`) VALUES (94,'Перчатки','Vapor X:20 SR','1033423',5,7,NULL,NULL,NULL);
INSERT INTO `products` (`id`, `name`, `model`, `article`, `brand_id`, `category_id`, `size`, `color`, `orient`) VALUES (95,'Перчатки','Игрока HG 4R PRO','H356289004',2,7,NULL,NULL,NULL);
INSERT INTO `products` (`id`, `name`, `model`, `article`, `brand_id`, `category_id`, `size`, `color`, `orient`) VALUES (96,'Перчатки','Игрока HG V06 SR','H356061013',2,7,NULL,NULL,NULL);
INSERT INTO `products` (`id`, `name`, `model`, `article`, `brand_id`, `category_id`, `size`, `color`, `orient`) VALUES (97,'Перчатки','Игрока HG V10 SR','H356100004',2,7,NULL,NULL,NULL);
INSERT INTO `products` (`id`, `name`, `model`, `article`, `brand_id`, `category_id`, `size`, `color`, `orient`) VALUES (98,'Перчатки','Игрока HG V06 JR','H356260114',2,7,NULL,NULL,NULL);
INSERT INTO `products` (`id`, `name`, `model`, `article`, `brand_id`, `category_id`, `size`, `color`, `orient`) VALUES (99,'Перчатки','Игрока HG V08 SR','H356280004',2,7,NULL,NULL,NULL);
INSERT INTO `products` (`id`, `name`, `model`, `article`, `brand_id`, `category_id`, `size`, `color`, `orient`) VALUES (100,'Перчатки','PRO 9000','',7,7,NULL,NULL,NULL);
INSERT INTO `products` (`id`, `name`, `model`, `article`, `brand_id`, `category_id`, `size`, `color`, `orient`) VALUES (101,'Нагрудник','Supreme ONE 40 JR','1037077',5,4,NULL,NULL,NULL);
INSERT INTO `products` (`id`, `name`, `model`, `article`, `brand_id`, `category_id`, `size`, `color`, `orient`) VALUES (102,'Нагрудник','Supreme ONE 40 SR','1037076',5,4,NULL,NULL,NULL);
INSERT INTO `products` (`id`, `name`, `model`, `article`, `brand_id`, `category_id`, `size`, `color`, `orient`) VALUES (103,'Нагрудник','Supreme ONE 60 SR','1037060',5,4,NULL,NULL,NULL);
INSERT INTO `products` (`id`, `name`, `model`, `article`, `brand_id`, `category_id`, `size`, `color`, `orient`) VALUES (104,'Нагрудник','Vapor X:20 JR','1033472',5,4,NULL,NULL,NULL);
INSERT INTO `products` (`id`, `name`, `model`, `article`, `brand_id`, `category_id`, `size`, `color`, `orient`) VALUES (105,'Нагрудник','Vapor X:30 JR','1033465',5,4,NULL,NULL,NULL);
INSERT INTO `products` (`id`, `name`, `model`, `article`, `brand_id`, `category_id`, `size`, `color`, `orient`) VALUES (106,'Нагрудник','Supreme 55 SR','1031603',5,4,NULL,NULL,NULL);
INSERT INTO `products` (`id`, `name`, `model`, `article`, `brand_id`, `category_id`, `size`, `color`, `orient`) VALUES (107,'Нагрудник','Supreme 75 SR','1031551',5,4,NULL,NULL,NULL);
INSERT INTO `products` (`id`, `name`, `model`, `article`, `brand_id`, `category_id`, `size`, `color`, `orient`) VALUES (108,'Нагрудник','Vapor Lil Rookie YTH','1035324',5,4,NULL,NULL,NULL);
INSERT INTO `products` (`id`, `name`, `model`, `article`, `brand_id`, `category_id`, `size`, `color`, `orient`) VALUES (109,'Нагрудник','Vapor X:20 SR','1033471',5,4,NULL,NULL,NULL);
INSERT INTO `products` (`id`, `name`, `model`, `article`, `brand_id`, `category_id`, `size`, `color`, `orient`) VALUES (110,'Нагрудник','Vapor X:30 SR','1033464',5,4,NULL,NULL,NULL);
INSERT INTO `products` (`id`, `name`, `model`, `article`, `brand_id`, `category_id`, `size`, `color`, `orient`) VALUES (111,'Нагрудник','SP 2K SR','H458200000',3,4,NULL,NULL,NULL);
INSERT INTO `products` (`id`, `name`, `model`, `article`, `brand_id`, `category_id`, `size`, `color`, `orient`) VALUES (112,'Нагрудник','SP 3K YTH','H458230200',3,4,NULL,NULL,NULL);
INSERT INTO `products` (`id`, `name`, `model`, `article`, `brand_id`, `category_id`, `size`, `color`, `orient`) VALUES (113,'Нагрудник','SP 8K JR','H458280100',3,4,NULL,NULL,NULL);
INSERT INTO `products` (`id`, `name`, `model`, `article`, `brand_id`, `category_id`, `size`, `color`, `orient`) VALUES (114,'Белье','Underwear (100% хлопок)','',1,21,'S=160','серый',NULL);
INSERT INTO `products` (`id`, `name`, `model`, `article`, `brand_id`, `category_id`, `size`, `color`, `orient`) VALUES (115,'Белье','Underwear (35% хл+65% ПЭ)','',1,21,'S=160; XS=150','т.синий',NULL);
INSERT INTO `products` (`id`, `name`, `model`, `article`, `brand_id`, `category_id`, `size`, `color`, `orient`) VALUES (116,'Гамаши','Хоккейные Boy','',1,29,NULL,'желтый; красный',NULL);
INSERT INTO `products` (`id`, `name`, `model`, `article`, `brand_id`, `category_id`, `size`, `color`, `orient`) VALUES (117,'Гамаши','Хоккейные Boy(S)','',1,29,NULL,'синий',NULL);
INSERT INTO `products` (`id`, `name`, `model`, `article`, `brand_id`, `category_id`, `size`, `color`, `orient`) VALUES (118,'Гамаши','Хоккейные JR','',1,29,NULL,'белый; красный',NULL);
INSERT INTO `products` (`id`, `name`, `model`, `article`, `brand_id`, `category_id`, `size`, `color`, `orient`) VALUES (119,'Гамаши','Хоккейные юниор','',NULL,29,NULL,'желто/черные; сине/белые; синие; т-син/бел; черн/бел; черно/желтые',NULL);
INSERT INTO `products` (`id`, `name`, `model`, `article`, `brand_id`, `category_id`, `size`, `color`, `orient`) VALUES (120,'Гамаши','Хоккейные SR Вашингтон','',NULL,29,NULL,'т-син/бел/крас; т-син/крас/бел',NULL);
INSERT INTO `products` (`id`, `name`, `model`, `article`, `brand_id`, `category_id`, `size`, `color`, `orient`) VALUES (121,'Гамаши','Хоккейные SR взрослые \"\"Detroit\"\"','',NULL,29,NULL,'бел/крас',NULL);
INSERT INTO `products` (`id`, `name`, `model`, `article`, `brand_id`, `category_id`, `size`, `color`, `orient`) VALUES (122,'Гамаши','Хоккейные SR взрослые','',NULL,29,NULL,'бел/крас/син; бел/син; зелен/бел/чер; красно/белые; темно-синие; черно/бел; черно/крас/бел',NULL);
INSERT INTO `products` (`id`, `name`, `model`, `article`, `brand_id`, `category_id`, `size`, `color`, `orient`) VALUES (123,'Гамаши','Хоккейные SR взрослые \"\" Montreal\"\"','',NULL,29,NULL,'бел/син/крас',NULL);
INSERT INTO `products` (`id`, `name`, `model`, `article`, `brand_id`, `category_id`, `size`, `color`, `orient`) VALUES (124,'Гамаши','Хоккейные SR взрослые \"\"Capitals\"\"','',NULL,29,NULL,'бел/т.син/крас',NULL);
INSERT INTO `products` (`id`, `name`, `model`, `article`, `brand_id`, `category_id`, `size`, `color`, `orient`) VALUES (125,'Гамаши','Хоккейные SR взрослые \"\"Акбарс\"\"\"\"','',NULL,29,NULL,'зелен/бел/чер',NULL);
INSERT INTO `products` (`id`, `name`, `model`, `article`, `brand_id`, `category_id`, `size`, `color`, `orient`) VALUES (126,'Гамаши','Хоккейные SR Канадиенс','',NULL,29,NULL,'бел/син/крас',NULL);
INSERT INTO `products` (`id`, `name`, `model`, `article`, `brand_id`, `category_id`, `size`, `color`, `orient`) VALUES (127,'Гамаши','Хоккейные SR','',NULL,29,NULL,NULL,NULL);
INSERT INTO `products` (`id`, `name`, `model`, `article`, `brand_id`, `category_id`, `size`, `color`, `orient`) VALUES (128,'Гамаши','Хоккейные YTH детские','',NULL,29,NULL,'бело/синие; сине/белые; черн/белые; черные',NULL);
INSERT INTO `products` (`id`, `name`, `model`, `article`, `brand_id`, `category_id`, `size`, `color`, `orient`) VALUES (129,'Гамаши','Hockey Socks YTH','1034333',5,29,NULL,NULL,NULL);
INSERT INTO `products` (`id`, `name`, `model`, `article`, `brand_id`, `category_id`, `size`, `color`, `orient`) VALUES (130,'Гамаши','Hockey Socks JR','1036110',5,29,NULL,NULL,NULL);
INSERT INTO `products` (`id`, `name`, `model`, `article`, `brand_id`, `category_id`, `size`, `color`, `orient`) VALUES (131,'Гамаши','0390 хоккейные S 100 - SR','',2,29,NULL,'желт',NULL);
INSERT INTO `products` (`id`, `name`, `model`, `article`, `brand_id`, `category_id`, `size`, `color`, `orient`) VALUES (132,'Гамаши','0630 хоккейные S 100 PW','',2,29,NULL,'крас',NULL);
INSERT INTO `products` (`id`, `name`, `model`, `article`, `brand_id`, `category_id`, `size`, `color`, `orient`) VALUES (133,'Гамаши','Socks JR','',7,29,NULL,'желт; желт/черн/бел; син/крас/золот',NULL);
INSERT INTO `products` (`id`, `name`, `model`, `article`, `brand_id`, `category_id`, `size`, `color`, `orient`) VALUES (134,'Джемпер','Форма хоккейная SR','H359002603',2,25,'XXL','синий',NULL);
INSERT INTO `products` (`id`, `name`, `model`, `article`, `brand_id`, `category_id`, `size`, `color`, `orient`) VALUES (135,'Джемпер','Форма хоккейная SR','H359002613',2,25,'L; XXL','красный',NULL);
INSERT INTO `products` (`id`, `name`, `model`, `article`, `brand_id`, `category_id`, `size`, `color`, `orient`) VALUES (136,'Толстовка','С капюшоном Hoody JR (NAV)','1026881',5,25,'L; M; S','т.синяя',NULL);
INSERT INTO `products` (`id`, `name`, `model`, `article`, `brand_id`, `category_id`, `size`, `color`, `orient`) VALUES (137,'Джемпер','Форма хоккейная (вратаря) SR Goal','H359075513',2,25,NULL,'красный',NULL);
INSERT INTO `products` (`id`, `name`, `model`, `article`, `brand_id`, `category_id`, `size`, `color`, `orient`) VALUES (138,'Толстовка','С капюшоном HERALDIC ZIP','43719',9,25,'XXL','черная',NULL);
INSERT INTO `products` (`id`, `name`, `model`, `article`, `brand_id`, `category_id`, `size`, `color`, `orient`) VALUES (139,'Кофта','NITRO с капюшоном','',19,25,'XL','оранж',NULL);
INSERT INTO `products` (`id`, `name`, `model`, `article`, `brand_id`, `category_id`, `size`, `color`, `orient`) VALUES (140,'Свитер','Attack Игровой','',7,25,'160','бел/черн; желт/черн; черн/желт',NULL);
INSERT INTO `products` (`id`, `name`, `model`, `article`, `brand_id`, `category_id`, `size`, `color`, `orient`) VALUES (141,'Шлем','Игрока HТ Vector 04','H351042014',2,2,'S','черный',NULL);
INSERT INTO `products` (`id`, `name`, `model`, `article`, `brand_id`, `category_id`, `size`, `color`, `orient`) VALUES (142,'Шлем','Игрока HТ Vector 04','H351042015',2,2,'S','белый',NULL);
INSERT INTO `products` (`id`, `name`, `model`, `article`, `brand_id`, `category_id`, `size`, `color`, `orient`) VALUES (143,'Шлем','Игрока HТ Vector 08','H351082015',2,2,'S','белый',NULL);
INSERT INTO `products` (`id`, `name`, `model`, `article`, `brand_id`, `category_id`, `size`, `color`, `orient`) VALUES (144,'Шлем','Игрока с маской НТ Vector 10','H351105014',2,2,'S','черный',NULL);
INSERT INTO `products` (`id`, `name`, `model`, `article`, `brand_id`, `category_id`, `size`, `color`, `orient`) VALUES (145,'Визор','Для шлема TYPE','',17,3,'1',NULL,NULL);
INSERT INTO `products` (`id`, `name`, `model`, `article`, `brand_id`, `category_id`, `size`, `color`, `orient`) VALUES (146,'Визор-маска','CONCEPT II Full Shield','1033720',5,3,NULL,NULL,NULL);
INSERT INTO `products` (`id`, `name`, `model`, `article`, `brand_id`, `category_id`, `size`, `color`, `orient`) VALUES (147,'Маска-визор','Concept II FULL Shield Jr','1033802',5,3,NULL,NULL,NULL);
INSERT INTO `products` (`id`, `name`, `model`, `article`, `brand_id`, `category_id`, `size`, `color`, `orient`) VALUES (148,'Шлем','С маской HH 4500 Helmet Combo','1032743',5,2,NULL,NULL,NULL);
INSERT INTO `products` (`id`, `name`, `model`, `article`, `brand_id`, `category_id`, `size`, `color`, `orient`) VALUES (149,'Шлем','Игрока HH 7500 Helmet (GLD)','1036068',5,2,'M; S','золотой',NULL);
INSERT INTO `products` (`id`, `name`, `model`, `article`, `brand_id`, `category_id`, `size`, `color`, `orient`) VALUES (150,'Шлем','Игрока HH 2100 Helmet (BLK)','1036881',5,2,'M','черный',NULL);
INSERT INTO `products` (`id`, `name`, `model`, `article`, `brand_id`, `category_id`, `size`, `color`, `orient`) VALUES (151,'Шлем','Игрока M10 Helmet YTH','1033757',20,2,NULL,NULL,NULL);
INSERT INTO `products` (`id`, `name`, `model`, `article`, `brand_id`, `category_id`, `size`, `color`, `orient`) VALUES (152,'Шлем','С маской HH 7500 Helmet Combo','1033487',5,2,NULL,NULL,NULL);
INSERT INTO `products` (`id`, `name`, `model`, `article`, `brand_id`, `category_id`, `size`, `color`, `orient`) VALUES (153,'Шлем','С маской HH 2100 Helmet Combo (BLK) JR','1037759',5,2,NULL,'черный',NULL);
INSERT INTO `products` (`id`, `name`, `model`, `article`, `brand_id`, `category_id`, `size`, `color`, `orient`) VALUES (154,'Шлем','С маской HH 1505 Helmet Combo','1033709',20,2,NULL,NULL,NULL);
INSERT INTO `products` (`id`, `name`, `model`, `article`, `brand_id`, `category_id`, `size`, `color`, `orient`) VALUES (155,'Шлем','Игрока HТ592','H351059203',2,2,'M','синий',NULL);
INSERT INTO `products` (`id`, `name`, `model`, `article`, `brand_id`, `category_id`, `size`, `color`, `orient`) VALUES (156,'Шлем','Игрока HТ Vector 08','H351081003',2,2,'M','синий',NULL);
INSERT INTO `products` (`id`, `name`, `model`, `article`, `brand_id`, `category_id`, `size`, `color`, `orient`) VALUES (157,'Шлем','Игрока HТ Vector 08','H351082013',2,2,'M','красный',NULL);
INSERT INTO `products` (`id`, `name`, `model`, `article`, `brand_id`, `category_id`, `size`, `color`, `orient`) VALUES (158,'Шлем','Игрока HТ Vector 08','H351082014',2,2,'M','черный',NULL);
INSERT INTO `products` (`id`, `name`, `model`, `article`, `brand_id`, `category_id`, `size`, `color`, `orient`) VALUES (159,'Шлем','Игрока HТ Vector 10','H351120014',2,2,'S','черный',NULL);
INSERT INTO `products` (`id`, `name`, `model`, `article`, `brand_id`, `category_id`, `size`, `color`, `orient`) VALUES (160,'Шлем','Игрока HТ Vector 10','H351120015',2,2,'S','белый',NULL);
INSERT INTO `products` (`id`, `name`, `model`, `article`, `brand_id`, `category_id`, `size`, `color`, `orient`) VALUES (161,'Маска','480','H351040014',2,3,'M','черная',NULL);
INSERT INTO `products` (`id`, `name`, `model`, `article`, `brand_id`, `category_id`, `size`, `color`, `orient`) VALUES (162,'Маска','480','H351040021',2,3,'M','хром',NULL);
INSERT INTO `products` (`id`, `name`, `model`, `article`, `brand_id`, `category_id`, `size`, `color`, `orient`) VALUES (163,'Шлем','5K','H451050506',3,2,NULL,NULL,NULL);
INSERT INTO `products` (`id`, `name`, `model`, `article`, `brand_id`, `category_id`, `size`, `color`, `orient`) VALUES (164,'Шлем','3K SR','H451030013',3,2,NULL,NULL,NULL);
INSERT INTO `products` (`id`, `name`, `model`, `article`, `brand_id`, `category_id`, `size`, `color`, `orient`) VALUES (165,'Шлем','6K SR','H451060013',3,2,NULL,NULL,NULL);
INSERT INTO `products` (`id`, `name`, `model`, `article`, `brand_id`, `category_id`, `size`, `color`, `orient`) VALUES (166,'Шлем','HT 5K','H4511500014',3,2,NULL,NULL,NULL);
INSERT INTO `products` (`id`, `name`, `model`, `article`, `brand_id`, `category_id`, `size`, `color`, `orient`) VALUES (167,'Шлем','С маской 4KC','H451400503',3,2,NULL,NULL,NULL);
INSERT INTO `products` (`id`, `name`, `model`, `article`, `brand_id`, `category_id`, `size`, `color`, `orient`) VALUES (168,'Шлем','С маской 6KС','H451610503',3,2,NULL,NULL,NULL);
INSERT INTO `products` (`id`, `name`, `model`, `article`, `brand_id`, `category_id`, `size`, `color`, `orient`) VALUES (169,'Шлем','С маской 3K Combo SR','H451130014',3,2,NULL,NULL,NULL);
INSERT INTO `products` (`id`, `name`, `model`, `article`, `brand_id`, `category_id`, `size`, `color`, `orient`) VALUES (170,'Защита лица','Visor 895 (для 690)','H655089500',18,3,NULL,NULL,NULL);
INSERT INTO `products` (`id`, `name`, `model`, `article`, `brand_id`, `category_id`, `size`, `color`, `orient`) VALUES (171,'Визор','2.0 (для 690,rbk,ccm)','H65509300',29,3,NULL,NULL,NULL);
INSERT INTO `products` (`id`, `name`, `model`, `article`, `brand_id`, `category_id`, `size`, `color`, `orient`) VALUES (172,'Шорты','С раковиной Basic Mech Short YTH','1033351',5,30,NULL,NULL,NULL);
INSERT INTO `products` (`id`, `name`, `model`, `article`, `brand_id`, `category_id`, `size`, `color`, `orient`) VALUES (173,'Шорты','С раковиной Basic Mech Jock Short SR','1033349',5,30,NULL,NULL,NULL);
INSERT INTO `products` (`id`, `name`, `model`, `article`, `brand_id`, `category_id`, `size`, `color`, `orient`) VALUES (174,'Брюки','С раковиной Core Compression Jock Pant SR','1033386',5,26,NULL,NULL,NULL);
INSERT INTO `products` (`id`, `name`, `model`, `article`, `brand_id`, `category_id`, `size`, `color`, `orient`) VALUES (175,'Белье','Нижнее One Piece Underwear','1033083',5,21,'XL; XXL','черн',NULL);
INSERT INTO `products` (`id`, `name`, `model`, `article`, `brand_id`, `category_id`, `size`, `color`, `orient`) VALUES (176,'Белье','Нижнее CORE Knee Lenght One Piece','1034514',5,21,'XL; XXL','черн',NULL);
INSERT INTO `products` (`id`, `name`, `model`, `article`, `brand_id`, `category_id`, `size`, `color`, `orient`) VALUES (177,'Белье','Нижнее CORE Full Lenght One Piece','1034517',5,21,'XXL','черн',NULL);
INSERT INTO `products` (`id`, `name`, `model`, `article`, `brand_id`, `category_id`, `size`, `color`, `orient`) VALUES (178,'Белье','Нижнее One Piece Underwear','1028001',5,21,'XL; XXL','черн',NULL);
INSERT INTO `products` (`id`, `name`, `model`, `article`, `brand_id`, `category_id`, `size`, `color`, `orient`) VALUES (179,'Белье','Нижнее Underwear JR','H359096021',2,21,'170',NULL,NULL);
INSERT INTO `products` (`id`, `name`, `model`, `article`, `brand_id`, `category_id`, `size`, `color`, `orient`) VALUES (180,'Белье','Нижнее Underwear SR','H359096121',2,21,'S; XL; XXL',NULL,NULL);
INSERT INTO `products` (`id`, `name`, `model`, `article`, `brand_id`, `category_id`, `size`, `color`, `orient`) VALUES (181,'Белье','Хоккейное нат.(комбин) UWLZ 3','',11,21,'XL; XXL','черн',NULL);
INSERT INTO `products` (`id`, `name`, `model`, `article`, `brand_id`, `category_id`, `size`, `color`, `orient`) VALUES (182,'Белье','Хоккейное нат.(комбин) UWLZ 1','',11,21,'XL; XXL','черн',NULL);
INSERT INTO `products` (`id`, `name`, `model`, `article`, `brand_id`, `category_id`, `size`, `color`, `orient`) VALUES (183,'Защита шеи','165 PRO','',1,31,NULL,NULL,NULL);
INSERT INTO `products` (`id`, `name`, `model`, `article`, `brand_id`, `category_id`, `size`, `color`, `orient`) VALUES (184,'Защита шеи','163 TR JR','',1,31,NULL,NULL,NULL);
INSERT INTO `products` (`id`, `name`, `model`, `article`, `brand_id`, `category_id`, `size`, `color`, `orient`) VALUES (185,'Защита шеи','165 TR PRO','',1,31,NULL,NULL,NULL);
INSERT INTO `products` (`id`, `name`, `model`, `article`, `brand_id`, `category_id`, `size`, `color`, `orient`) VALUES (186,'Защита горла','NK20 NECTECH Turtleneck Collar SR','1033687',5,31,NULL,'черный',NULL);
INSERT INTO `products` (`id`, `name`, `model`, `article`, `brand_id`, `category_id`, `size`, `color`, `orient`) VALUES (187,'Защита шеи','N8 NECTECH BIB SR','1033696',5,31,NULL,'черный',NULL);
INSERT INTO `products` (`id`, `name`, `model`, `article`, `brand_id`, `category_id`, `size`, `color`, `orient`) VALUES (188,'Защита шеи','N8 NECTECH BIB SR','1033699',5,31,NULL,'серый',NULL);
INSERT INTO `products` (`id`, `name`, `model`, `article`, `brand_id`, `category_id`, `size`, `color`, `orient`) VALUES (189,'Защита горла','3K SR','H461038014',3,31,NULL,'черн',NULL);
INSERT INTO `products` (`id`, `name`, `model`, `article`, `brand_id`, `category_id`, `size`, `color`, `orient`) VALUES (190,'Защита горла','Игрока SR','',NULL,31,NULL,NULL,NULL);
INSERT INTO `products` (`id`, `name`, `model`, `article`, `brand_id`, `category_id`, `size`, `color`, `orient`) VALUES (191,'Куртка','Утепленная THERMA FIT JACKET II JR','1028713',5,23,'XL','черн',NULL);
INSERT INTO `products` (`id`, `name`, `model`, `article`, `brand_id`, `category_id`, `size`, `color`, `orient`) VALUES (192,'Куртка','Флисовая BADGE Soft (BLK)','1029508',5,23,'XS','черная',NULL);
INSERT INTO `products` (`id`, `name`, `model`, `article`, `brand_id`, `category_id`, `size`, `color`, `orient`) VALUES (193,'Куртка','3030 Ветронепроницаемая Wind Jacket','',18,23,'3',NULL,NULL);
INSERT INTO `products` (`id`, `name`, `model`, `article`, `brand_id`, `category_id`, `size`, `color`, `orient`) VALUES (194,'Куртка','3075 на молнии','',18,23,'S; XL',NULL,NULL);
INSERT INTO `products` (`id`, `name`, `model`, `article`, `brand_id`, `category_id`, `size`, `color`, `orient`) VALUES (195,'Куртка','3040 с подкладкой','',3,23,'4=S','черная',NULL);
INSERT INTO `products` (`id`, `name`, `model`, `article`, `brand_id`, `category_id`, `size`, `color`, `orient`) VALUES (196,'Куртка','Outdoor Coach Jacket','',19,23,'M; XL; XXL',NULL,NULL);
INSERT INTO `products` (`id`, `name`, `model`, `article`, `brand_id`, `category_id`, `size`, `color`, `orient`) VALUES (197,'Куртка','Спортивная Soft Shell Code 100','',7,23,'L; M; S; XL; XS','черная',NULL);
INSERT INTO `products` (`id`, `name`, `model`, `article`, `brand_id`, `category_id`, `size`, `color`, `orient`) VALUES (198,'Куртка','Утепленная Team Sport Jacket','',7,23,'M; S; XL; XXL','черная',NULL);
INSERT INTO `products` (`id`, `name`, `model`, `article`, `brand_id`, `category_id`, `size`, `color`, `orient`) VALUES (199,'Рубашка','Тренировочная вратаря - JR','',1,22,NULL,'бел',NULL);
INSERT INTO `products` (`id`, `name`, `model`, `article`, `brand_id`, `category_id`, `size`, `color`, `orient`) VALUES (200,'Рубашка','Тренировочная вратаря - SR','',1,22,NULL,'чер',NULL);
INSERT INTO `products` (`id`, `name`, `model`, `article`, `brand_id`, `category_id`, `size`, `color`, `orient`) VALUES (201,'Рубашка','Тренировочная','',21,22,'S; XXL','желтая; син',NULL);
INSERT INTO `products` (`id`, `name`, `model`, `article`, `brand_id`, `category_id`, `size`, `color`, `orient`) VALUES (202,'Майка','Тренировочная Practice Jersey SR','1034342',5,22,NULL,NULL,NULL);
INSERT INTO `products` (`id`, `name`, `model`, `article`, `brand_id`, `category_id`, `size`, `color`, `orient`) VALUES (203,'Майка','Дл/рук VAPOR XVI L/S A/C TOP','1028452',5,22,'XXL','черн/бел',NULL);
INSERT INTO `products` (`id`, `name`, `model`, `article`, `brand_id`, `category_id`, `size`, `color`, `orient`) VALUES (204,'Футболка','HERALDIC','43844',9,24,NULL,NULL,NULL);
INSERT INTO `products` (`id`, `name`, `model`, `article`, `brand_id`, `category_id`, `size`, `color`, `orient`) VALUES (205,'Поло','Pique Shirt','',19,24,NULL,NULL,NULL);
INSERT INTO `products` (`id`, `name`, `model`, `article`, `brand_id`, `category_id`, `size`, `color`, `orient`) VALUES (206,'Защита плеч','SP U+ FIT 03 YTH','H358330200',2,43,'S',NULL,NULL);
INSERT INTO `products` (`id`, `name`, `model`, `article`, `brand_id`, `category_id`, `size`, `color`, `orient`) VALUES (207,'Защита плеч','SP U+ FIT 05 SR GR8','H358016000',2,43,'L',NULL,NULL);
INSERT INTO `products` (`id`, `name`, `model`, `article`, `brand_id`, `category_id`, `size`, `color`, `orient`) VALUES (208,'Защита плеч','SP U+ FIT 05 YTH','H358350200',2,43,'S',NULL,NULL);
INSERT INTO `products` (`id`, `name`, `model`, `article`, `brand_id`, `category_id`, `size`, `color`, `orient`) VALUES (209,'Защита плеч','SP U+ FIT 07 JR GR8','H358016400',2,43,'S',NULL,NULL);
INSERT INTO `products` (`id`, `name`, `model`, `article`, `brand_id`, `category_id`, `size`, `color`, `orient`) VALUES (210,'Костюм','Тренеровочный 1/2 ZIP Suit SR (VBK)','1030406',5,23,'XXL','зел/сер',NULL);
INSERT INTO `products` (`id`, `name`, `model`, `article`, `brand_id`, `category_id`, `size`, `color`, `orient`) VALUES (211,'Костюм','Тренеровочный FUNCTION','43723',9,23,NULL,NULL,NULL);
INSERT INTO `products` (`id`, `name`, `model`, `article`, `brand_id`, `category_id`, `size`, `color`, `orient`) VALUES (212,'Костюм','3065 утепленный Coach','',3,23,'0=120; 1=140','т.синий; черный',NULL);
INSERT INTO `products` (`id`, `name`, `model`, `article`, `brand_id`, `category_id`, `size`, `color`, `orient`) VALUES (213,'Костюм','Jogging Suit Pique','',19,23,'XL','син/крас',NULL);
INSERT INTO `products` (`id`, `name`, `model`, `article`, `brand_id`, `category_id`, `size`, `color`, `orient`) VALUES (214,'Костюм','Warm Up Suit Jr','',NULL,23,NULL,NULL,NULL);
INSERT INTO `products` (`id`, `name`, `model`, `article`, `brand_id`, `category_id`, `size`, `color`, `orient`) VALUES (215,'Костюм','Ветрозащитный PM','',7,23,'140; 160; 170; L; XL; XXL',NULL,NULL);
INSERT INTO `products` (`id`, `name`, `model`, `article`, `brand_id`, `category_id`, `size`, `color`, `orient`) VALUES (216,'Костюм','Ветрозащитный WarmUP Suit Code 200','',7,23,'120; 140; 160; 170; L; M; S; XL; XXL','т-син/черн; черн/крас',NULL);
INSERT INTO `products` (`id`, `name`, `model`, `article`, `brand_id`, `category_id`, `size`, `color`, `orient`) VALUES (217,'Костюм','Утепленный WarmUP Suit Code 200','',7,23,'120; 140; 160','черн/красн; черн/сер',NULL);
INSERT INTO `products` (`id`, `name`, `model`, `article`, `brand_id`, `category_id`, `size`, `color`, `orient`) VALUES (218,'Костюм','Утепленный Winter Suit Code 600','',7,23,'140; 160','черн/красн; черн/сер',NULL);
INSERT INTO `products` (`id`, `name`, `model`, `article`, `brand_id`, `category_id`, `size`, `color`, `orient`) VALUES (219,'Костюм','OJP спортивный SR','',11,23,'L; XL','черн/сер',NULL);
INSERT INTO `products` (`id`, `name`, `model`, `article`, `brand_id`, `category_id`, `size`, `color`, `orient`) VALUES (220,'Пояс для гамаш','Garter Belt Sr','1035585',5,33,NULL,NULL,NULL);
INSERT INTO `products` (`id`, `name`, `model`, `article`, `brand_id`, `category_id`, `size`, `color`, `orient`) VALUES (221,'Пояс для гамаш','Garter Belt YTH','1035813',5,33,NULL,NULL,NULL);
INSERT INTO `products` (`id`, `name`, `model`, `article`, `brand_id`, `category_id`, `size`, `color`, `orient`) VALUES (222,'Подтяжки','Suspenders YTH','1035814',5,34,NULL,NULL,NULL);
INSERT INTO `products` (`id`, `name`, `model`, `article`, `brand_id`, `category_id`, `size`, `color`, `orient`) VALUES (223,'Ремень для трусов','Сменный','1036024',5,8,NULL,NULL,NULL);
INSERT INTO `products` (`id`, `name`, `model`, `article`, `brand_id`, `category_id`, `size`, `color`, `orient`) VALUES (224,'Сандали','Player Slide','1032593',5,27,NULL,NULL,NULL);
INSERT INTO `products` (`id`, `name`, `model`, `article`, `brand_id`, `category_id`, `size`, `color`, `orient`) VALUES (225,'Ремень для трусов','PANT BELT YTH','',9,8,NULL,NULL,NULL);
INSERT INTO `products` (`id`, `name`, `model`, `article`, `brand_id`, `category_id`, `size`, `color`, `orient`) VALUES (226,'Подтяжки','С клипсами JR','H461080000',3,34,NULL,NULL,NULL);
INSERT INTO `products` (`id`, `name`, `model`, `article`, `brand_id`, `category_id`, `size`, `color`, `orient`) VALUES (227,'Подтяжки','С петлями JR','H461080100',3,34,NULL,NULL,NULL);
INSERT INTO `products` (`id`, `name`, `model`, `article`, `brand_id`, `category_id`, `size`, `color`, `orient`) VALUES (228,'Подтяжки','С клипсами SR','H461080200',3,34,NULL,NULL,NULL);
INSERT INTO `products` (`id`, `name`, `model`, `article`, `brand_id`, `category_id`, `size`, `color`, `orient`) VALUES (229,'Клюшка','Композитная Vapor X:LITE YTH-42 (PM9)','1035982',5,12,NULL,NULL,'L');
INSERT INTO `products` (`id`, `name`, `model`, `article`, `brand_id`, `category_id`, `size`, `color`, `orient`) VALUES (230,'Клюшка','Композитная Vapor X:60 SR-102 (P88)','1032954',5,10,NULL,NULL,'R');
INSERT INTO `products` (`id`, `name`, `model`, `article`, `brand_id`, `category_id`, `size`, `color`, `orient`) VALUES (231,'Клюшка','Композитная Vapor X:60 SR-87 (106)','1032955',5,10,NULL,NULL,'L');
INSERT INTO `products` (`id`, `name`, `model`, `article`, `brand_id`, `category_id`, `size`, `color`, `orient`) VALUES (232,'Клюшка','Композитная Vapor X:50 SR-102 (106)','1032959',5,10,NULL,NULL,'R');
INSERT INTO `products` (`id`, `name`, `model`, `article`, `brand_id`, `category_id`, `size`, `color`, `orient`) VALUES (233,'Клюшка','Композитная Vapor X:50 SR-102 (PM9)','1032959',5,10,NULL,NULL,'R');
INSERT INTO `products` (`id`, `name`, `model`, `article`, `brand_id`, `category_id`, `size`, `color`, `orient`) VALUES (234,'Клюшка','Композитная Vapor X:50 JR-52 (P88)','1032963',5,11,NULL,NULL,'R');
INSERT INTO `products` (`id`, `name`, `model`, `article`, `brand_id`, `category_id`, `size`, `color`, `orient`) VALUES (235,'Клюшка','Композитная Vapor X:40 JR-52 (P88)','1032974',5,11,NULL,NULL,'R');
INSERT INTO `products` (`id`, `name`, `model`, `article`, `brand_id`, `category_id`, `size`, `color`, `orient`) VALUES (236,'Клюшка','Композитная Vapor X:20 SR-87 (P88)','1032975',5,10,NULL,NULL,'R');
INSERT INTO `products` (`id`, `name`, `model`, `article`, `brand_id`, `category_id`, `size`, `color`, `orient`) VALUES (237,'Клюшка','Композитная Vapor X:20 SR-87 (P92)','1032975',5,10,NULL,NULL,'R');
INSERT INTO `products` (`id`, `name`, `model`, `article`, `brand_id`, `category_id`, `size`, `color`, `orient`) VALUES (238,'Клюшка','Композитная Vapor X:20 SR-87 (PM9)','1032975',5,10,NULL,NULL,'R');
INSERT INTO `products` (`id`, `name`, `model`, `article`, `brand_id`, `category_id`, `size`, `color`, `orient`) VALUES (239,'Клюшка','Композитная Vapor X:20 SR-77 (P88)','1032976',5,10,NULL,NULL,'R');
INSERT INTO `products` (`id`, `name`, `model`, `article`, `brand_id`, `category_id`, `size`, `color`, `orient`) VALUES (240,'Клюшка','Композитная Vapor X:20 SR-77 (P92)','1032976',5,10,NULL,NULL,'R');
INSERT INTO `products` (`id`, `name`, `model`, `article`, `brand_id`, `category_id`, `size`, `color`, `orient`) VALUES (241,'Клюшка','Композитная Vapor X:20 SR-77 (PM9)','1032976',5,10,NULL,NULL,'R');
INSERT INTO `products` (`id`, `name`, `model`, `article`, `brand_id`, `category_id`, `size`, `color`, `orient`) VALUES (242,'Клюшка','Композитная Vapor X:60 SE SR-112 (106)','1033024',5,10,NULL,NULL,'L');
INSERT INTO `products` (`id`, `name`, `model`, `article`, `brand_id`, `category_id`, `size`, `color`, `orient`) VALUES (243,'Клюшка','Композитная Vapor X:60 SE SR-102 (PM9)','1033025',5,10,NULL,NULL,'L; R');
INSERT INTO `products` (`id`, `name`, `model`, `article`, `brand_id`, `category_id`, `size`, `color`, `orient`) VALUES (244,'Клюшка','Композитная Vapor X:60 SE SR-95 (106)','1033027',5,10,NULL,NULL,'L');
INSERT INTO `products` (`id`, `name`, `model`, `article`, `brand_id`, `category_id`, `size`, `color`, `orient`) VALUES (245,'Клюшка','Композитная Supreme ONE 80 Stickum JR-52 (P92)','1036106',5,11,NULL,NULL,'L');
INSERT INTO `products` (`id`, `name`, `model`, `article`, `brand_id`, `category_id`, `size`, `color`, `orient`) VALUES (246,'Клюшка','Композитная Supreme ONE95 Stickum SR-112 (P92)','1036405',5,10,NULL,NULL,'R');
INSERT INTO `products` (`id`, `name`, `model`, `article`, `brand_id`, `category_id`, `size`, `color`, `orient`) VALUES (247,'Клюшка','Композитная Vapor X:20 Stickum SR-87 (P92)','1036428',5,10,NULL,NULL,'R');
INSERT INTO `products` (`id`, `name`, `model`, `article`, `brand_id`, `category_id`, `size`, `color`, `orient`) VALUES (248,'Клюшка','Композитная Vapor X:40 Stickum SR-102 (PM9)','1036441',5,10,NULL,NULL,'R');
INSERT INTO `products` (`id`, `name`, `model`, `article`, `brand_id`, `category_id`, `size`, `color`, `orient`) VALUES (249,'Клюшка','Композитная Vapor X:15 SR-87 (P88)','1036464',5,10,NULL,NULL,'R');
INSERT INTO `products` (`id`, `name`, `model`, `article`, `brand_id`, `category_id`, `size`, `color`, `orient`) VALUES (250,'Клюшка','Композитная Supreme ONE 60 SR-102 (P92)','1037966',5,10,NULL,NULL,'R');
INSERT INTO `products` (`id`, `name`, `model`, `article`, `brand_id`, `category_id`, `size`, `color`, `orient`) VALUES (251,'Клюшка','SUPREME ONE40 Wood ABS JR (P92)','1036766',5,11,NULL,NULL,'R');
INSERT INTO `products` (`id`, `name`, `model`, `article`, `brand_id`, `category_id`, `size`, `color`, `orient`) VALUES (252,'Клюшка','SUPREME ONE20 Wood Zytel SR (P92)','1036768',5,10,NULL,NULL,'L; R');
INSERT INTO `products` (`id`, `name`, `model`, `article`, `brand_id`, `category_id`, `size`, `color`, `orient`) VALUES (253,'Клюшка','SUPREME ONE20 Wood Zytel JR (P92)','1036769',5,11,NULL,NULL,'L');
INSERT INTO `products` (`id`, `name`, `model`, `article`, `brand_id`, `category_id`, `size`, `color`, `orient`) VALUES (254,'Клюшка','Композитная U+Crazy Light SR GRIP 45 (B08)','H374214508',2,10,NULL,NULL,'L');
INSERT INTO `products` (`id`, `name`, `model`, `article`, `brand_id`, `category_id`, `size`, `color`, `orient`) VALUES (255,'Клюшка','Композитная U+Crazy Strong SR GRIP 45 (B08)','H374224508',2,10,NULL,NULL,'L');
INSERT INTO `products` (`id`, `name`, `model`, `article`, `brand_id`, `category_id`, `size`, `color`, `orient`) VALUES (256,'Клюшка','Дер. с композитным крюком Supra YTH 15','H374401500',2,12,NULL,NULL,'L; R');
INSERT INTO `products` (`id`, `name`, `model`, `article`, `brand_id`, `category_id`, `size`, `color`, `orient`) VALUES (257,'Клюшка','Дер. с композитным крюком Supra JR 20 (B10)','H374402010',2,11,NULL,NULL,'R');
INSERT INTO `products` (`id`, `name`, `model`, `article`, `brand_id`, `category_id`, `size`, `color`, `orient`) VALUES (258,'Клюшки','Vector V 1.0 Stick Kid','',2,9,NULL,NULL,NULL);
INSERT INTO `products` (`id`, `name`, `model`, `article`, `brand_id`, `category_id`, `size`, `color`, `orient`) VALUES (259,'Клюшка','Vector V 1.0 Kid','H354701000',2,9,NULL,NULL,NULL);
INSERT INTO `products` (`id`, `name`, `model`, `article`, `brand_id`, `category_id`, `size`, `color`, `orient`) VALUES (260,'Клюшка','Игрока Vector 02 PW Ply','H354802100',2,9,NULL,NULL,'R');
INSERT INTO `products` (`id`, `name`, `model`, `article`, `brand_id`, `category_id`, `size`, `color`, `orient`) VALUES (261,'Клюшка','Дер. с композитным крюком Supra SR 45 (B8)','H374404508',2,10,NULL,NULL,'R');
INSERT INTO `products` (`id`, `name`, `model`, `article`, `brand_id`, `category_id`, `size`, `color`, `orient`) VALUES (262,'Клюшка','Композитная U+Crazy Strong GRIP Light 30 (B19)','H374223019',2,9,NULL,NULL,'L');
INSERT INTO `products` (`id`, `name`, `model`, `article`, `brand_id`, `category_id`, `size`, `color`, `orient`) VALUES (263,'Клюшка','Цельнокомпозитная Vector V 8.0 Reg 40 SR (11)','',2,10,NULL,NULL,'R');
INSERT INTO `products` (`id`, `name`, `model`, `article`, `brand_id`, `category_id`, `size`, `color`, `orient`) VALUES (264,'Клюшка','Цельнокомпозитная Vector V 8.0 Reg 40 SR (5)','',2,10,NULL,NULL,'L');
INSERT INTO `products` (`id`, `name`, `model`, `article`, `brand_id`, `category_id`, `size`, `color`, `orient`) VALUES (265,'Клюшка','Цельнокомпозитная Vector V 8.0 X-Stiff50 SR (10)','',2,10,NULL,NULL,'L');
INSERT INTO `products` (`id`, `name`, `model`, `article`, `brand_id`, `category_id`, `size`, `color`, `orient`) VALUES (266,'Клюшка','Цельнокомпозитная Vector V 8.0 X-Stiff50 SR (11)','',2,10,NULL,NULL,'L');
INSERT INTO `products` (`id`, `name`, `model`, `article`, `brand_id`, `category_id`, `size`, `color`, `orient`) VALUES (267,'Клюшка','Nitro Force Grip 70 soft Композитная SR (NUM)','',19,10,NULL,NULL,'L; R');
INSERT INTO `products` (`id`, `name`, `model`, `article`, `brand_id`, `category_id`, `size`, `color`, `orient`) VALUES (268,'Клюшка','Nitro Force Grip 70 soft Композитная SR (SK)','',19,10,NULL,NULL,'L; R');
INSERT INTO `products` (`id`, `name`, `model`, `article`, `brand_id`, `category_id`, `size`, `color`, `orient`) VALUES (269,'Клюшка','Nitro Force Grip 90 NANO reg Композитная SR (SK)','',19,10,NULL,NULL,'R');
INSERT INTO `products` (`id`, `name`, `model`, `article`, `brand_id`, `category_id`, `size`, `color`, `orient`) VALUES (270,'Клюшка','Nitro Force Grip 90 reg Композитная SR (NUM)','',19,10,NULL,NULL,'L');
INSERT INTO `products` (`id`, `name`, `model`, `article`, `brand_id`, `category_id`, `size`, `color`, `orient`) VALUES (271,'Клюшка','Nitro Lite 55 reg Композитная JR (SK)','',19,11,NULL,NULL,'R');
INSERT INTO `products` (`id`, `name`, `model`, `article`, `brand_id`, `category_id`, `size`, `color`, `orient`) VALUES (272,'Клюшка','Nitro Lite 70 soft Композитная SR (DR)','',19,10,NULL,NULL,'L');
INSERT INTO `products` (`id`, `name`, `model`, `article`, `brand_id`, `category_id`, `size`, `color`, `orient`) VALUES (273,'Клюшка','Nitro Lite 70 soft Композитная SR (NUM)','',19,10,NULL,NULL,'L; R');
INSERT INTO `products` (`id`, `name`, `model`, `article`, `brand_id`, `category_id`, `size`, `color`, `orient`) VALUES (274,'Клюшка','Nitro Lite 70 soft Композитная SR (SK)','',19,10,NULL,NULL,'L; R');
INSERT INTO `products` (`id`, `name`, `model`, `article`, `brand_id`, `category_id`, `size`, `color`, `orient`) VALUES (275,'Клюшка','Nitro Lite 90 reg Композитная SR (NUM)','',19,10,NULL,NULL,'L; R');
INSERT INTO `products` (`id`, `name`, `model`, `article`, `brand_id`, `category_id`, `size`, `color`, `orient`) VALUES (276,'Клюшка','Nitro Lite 90 reg Композитная SR (SK)','',19,10,NULL,NULL,'L; R');
INSERT INTO `products` (`id`, `name`, `model`, `article`, `brand_id`, `category_id`, `size`, `color`, `orient`) VALUES (277,'Клюшка','Nitro Lite 100 stiff NANO Композитная SR (NICK)','',19,10,NULL,NULL,'R');
INSERT INTO `products` (`id`, `name`, `model`, `article`, `brand_id`, `category_id`, `size`, `color`, `orient`) VALUES (278,'Клюшка','Nitro Lite 100 stiff Композитная SR (DR)','',19,10,NULL,NULL,'R');
INSERT INTO `products` (`id`, `name`, `model`, `article`, `brand_id`, `category_id`, `size`, `color`, `orient`) VALUES (279,'Клюшка','Nitro Lite 100 stiff Композитная SR (NUM)','',19,10,NULL,NULL,'L');
INSERT INTO `products` (`id`, `name`, `model`, `article`, `brand_id`, `category_id`, `size`, `color`, `orient`) VALUES (280,'Клюшка','Nitro Max 100 stiff Композитная SR (NUM)','',19,10,NULL,NULL,'L');
INSERT INTO `products` (`id`, `name`, `model`, `article`, `brand_id`, `category_id`, `size`, `color`, `orient`) VALUES (281,'Клюшка','Композитная 11K OPS SR 45 (B17)','H474414517',3,10,NULL,NULL,'L');
INSERT INTO `products` (`id`, `name`, `model`, `article`, `brand_id`, `category_id`, `size`, `color`, `orient`) VALUES (282,'Клюшка','Композитная 4K OPS Light 30 (B87)','H474443087',3,9,NULL,NULL,'L');
INSERT INTO `products` (`id`, `name`, `model`, `article`, `brand_id`, `category_id`, `size`, `color`, `orient`) VALUES (283,'Клюшка','Композитная 4K OPS SR 40 (B87)','H474444087',3,10,NULL,NULL,'L; R');
INSERT INTO `products` (`id`, `name`, `model`, `article`, `brand_id`, `category_id`, `size`, `color`, `orient`) VALUES (284,'Клюшка','Вратарская 6K INT (61 cm, C)','H474826102',3,9,NULL,NULL,'L');
INSERT INTO `products` (`id`, `name`, `model`, `article`, `brand_id`, `category_id`, `size`, `color`, `orient`) VALUES (285,'Клюшки','1K Stick Kid','',3,9,NULL,NULL,NULL);
INSERT INTO `products` (`id`, `name`, `model`, `article`, `brand_id`, `category_id`, `size`, `color`, `orient`) VALUES (286,'Клюшки','6К XPulse Goaler Stick Int 61/13','',3,9,NULL,NULL,'L');
INSERT INTO `products` (`id`, `name`, `model`, `article`, `brand_id`, `category_id`, `size`, `color`, `orient`) VALUES (287,'Клюшка','Цельнокомпозитная 8K OPS SR 45 (B10)','H454908545',3,10,NULL,NULL,'R');
INSERT INTO `products` (`id`, `name`, `model`, `article`, `brand_id`, `category_id`, `size`, `color`, `orient`) VALUES (288,'Клюшка','Цельнокомпозитная 10K OPS SR 50 (B8)','H454909650',3,10,NULL,NULL,'R');
INSERT INTO `products` (`id`, `name`, `model`, `article`, `brand_id`, `category_id`, `size`, `color`, `orient`) VALUES (289,'Клюшка','Цельнокомпозитная 606 O-Stick OPS SR 40 (B19)','H474064019',3,10,NULL,NULL,'R');
INSERT INTO `products` (`id`, `name`, `model`, `article`, `brand_id`, `category_id`, `size`, `color`, `orient`) VALUES (290,'Клюшка','Композитная 4K OPS MID 35 (B19)','H474143519',3,9,NULL,NULL,'R');
INSERT INTO `products` (`id`, `name`, `model`, `article`, `brand_id`, `category_id`, `size`, `color`, `orient`) VALUES (291,'Клюшка','Игрока 1K Ply Kid (прямая лопасть)','H454701000',3,9,NULL,NULL,NULL);
INSERT INTO `products` (`id`, `name`, `model`, `article`, `brand_id`, `category_id`, `size`, `color`, `orient`) VALUES (292,'Клюшка','Игрока 1K Ply Yth','H454701200',3,12,NULL,NULL,'R');
INSERT INTO `products` (`id`, `name`, `model`, `article`, `brand_id`, `category_id`, `size`, `color`, `orient`) VALUES (293,'Клюшка','Игрока 1K PW','H454901100',3,9,NULL,NULL,'R');
INSERT INTO `products` (`id`, `name`, `model`, `article`, `brand_id`, `category_id`, `size`, `color`, `orient`) VALUES (294,'Клюшка','Игрока 1K YTH','H454901200',3,12,NULL,NULL,'L');
INSERT INTO `products` (`id`, `name`, `model`, `article`, `brand_id`, `category_id`, `size`, `color`, `orient`) VALUES (295,'Клюшка','Игрока 1K PW','H474301000',3,9,NULL,NULL,'L; R');
INSERT INTO `products` (`id`, `name`, `model`, `article`, `brand_id`, `category_id`, `size`, `color`, `orient`) VALUES (296,'Клюшка','Игрока 1K YTH','H474301500',3,12,NULL,NULL,'L');
INSERT INTO `products` (`id`, `name`, `model`, `article`, `brand_id`, `category_id`, `size`, `color`, `orient`) VALUES (297,'Клюшка','Игрока Compact Stick','',10,9,NULL,NULL,'L');
INSERT INTO `products` (`id`, `name`, `model`, `article`, `brand_id`, `category_id`, `size`, `color`, `orient`) VALUES (298,'Клюшка','Игрока 400','',10,9,NULL,NULL,'R');
INSERT INTO `products` (`id`, `name`, `model`, `article`, `brand_id`, `category_id`, `size`, `color`, `orient`) VALUES (299,'Клюшка','Игрока Compact 93 (36)','',10,9,NULL,NULL,'L');
INSERT INTO `products` (`id`, `name`, `model`, `article`, `brand_id`, `category_id`, `size`, `color`, `orient`) VALUES (300,'Клюшка','Игрока Compact 95 (E10)','',10,9,NULL,NULL,'L');
INSERT INTO `products` (`id`, `name`, `model`, `article`, `brand_id`, `category_id`, `size`, `color`, `orient`) VALUES (301,'Клюшка','Игрока Compact 96 (E4)','',10,9,NULL,NULL,'L');
INSERT INTO `products` (`id`, `name`, `model`, `article`, `brand_id`, `category_id`, `size`, `color`, `orient`) VALUES (302,'Клюшка','Игрока Super Hybrid Stiff (11)','',10,9,NULL,NULL,'L');
INSERT INTO `products` (`id`, `name`, `model`, `article`, `brand_id`, `category_id`, `size`, `color`, `orient`) VALUES (303,'Клюшка','Композитная Carbon Hybrid Stiff SR','',10,10,NULL,NULL,'L');
INSERT INTO `products` (`id`, `name`, `model`, `article`, `brand_id`, `category_id`, `size`, `color`, `orient`) VALUES (304,'Клюшка','Композитная FLEX','',10,9,NULL,NULL,'L; R');
INSERT INTO `products` (`id`, `name`, `model`, `article`, `brand_id`, `category_id`, `size`, `color`, `orient`) VALUES (305,'Клюшка','Композитная FLEX 110','',10,9,NULL,NULL,'L');
INSERT INTO `products` (`id`, `name`, `model`, `article`, `brand_id`, `category_id`, `size`, `color`, `orient`) VALUES (306,'Клюшка','Композитная FLEX 120','',10,9,NULL,NULL,'L');
INSERT INTO `products` (`id`, `name`, `model`, `article`, `brand_id`, `category_id`, `size`, `color`, `orient`) VALUES (307,'Клюшка','Композитная FLEX 130','',10,9,NULL,NULL,'L; R');
INSERT INTO `products` (`id`, `name`, `model`, `article`, `brand_id`, `category_id`, `size`, `color`, `orient`) VALUES (308,'Клюшка','TITAN TMP 4020 JR (B19)','H054422019',18,11,NULL,NULL,'R');
INSERT INTO `products` (`id`, `name`, `model`, `article`, `brand_id`, `category_id`, `size`, `color`, `orient`) VALUES (309,'Клюшки','1050 PW','',7,9,NULL,NULL,'L; R');
INSERT INTO `products` (`id`, `name`, `model`, `article`, `brand_id`, `category_id`, `size`, `color`, `orient`) VALUES (310,'Клюшка','Цельнокомпозитная Booster T10 Flex 95 B5','',7,9,NULL,NULL,'R');
INSERT INTO `products` (`id`, `name`, `model`, `article`, `brand_id`, `category_id`, `size`, `color`, `orient`) VALUES (311,'Клюшка','Цельнокомпозитная Booster T10 Flex 95 B6','',7,9,NULL,NULL,'R');
INSERT INTO `products` (`id`, `name`, `model`, `article`, `brand_id`, `category_id`, `size`, `color`, `orient`) VALUES (312,'Клюшка','Цельнокомпозитная Booster T10 Flex 95 B7','',7,9,NULL,NULL,'R');
INSERT INTO `products` (`id`, `name`, `model`, `article`, `brand_id`, `category_id`, `size`, `color`, `orient`) VALUES (313,'Клюшка','Цельнокомпозитная Booster T70 INT Flex 65 B4','',7,9,NULL,NULL,'L; R');
INSERT INTO `products` (`id`, `name`, `model`, `article`, `brand_id`, `category_id`, `size`, `color`, `orient`) VALUES (314,'Клюшка','Цельнокомпозитная Booster T70 INT Flex 65 B5','',7,9,NULL,NULL,'R');
INSERT INTO `products` (`id`, `name`, `model`, `article`, `brand_id`, `category_id`, `size`, `color`, `orient`) VALUES (315,'Клюшка','Цельнокомпозитная Booster T70 INT Flex 65 B6','',7,9,NULL,NULL,'L');
INSERT INTO `products` (`id`, `name`, `model`, `article`, `brand_id`, `category_id`, `size`, `color`, `orient`) VALUES (316,'Клюшка','Композитная Response Armor SR Whip (Tkachuk)','',11,10,NULL,NULL,'L; R');
INSERT INTO `products` (`id`, `name`, `model`, `article`, `brand_id`, `category_id`, `size`, `color`, `orient`) VALUES (317,'Клюшка','Композитная Adrenaline Control SR Stiff (P55)','',11,10,NULL,NULL,'L');
INSERT INTO `products` (`id`, `name`, `model`, `article`, `brand_id`, `category_id`, `size`, `color`, `orient`) VALUES (318,'Клюшка','Композитная Adrenaline SR Reg ','',11,10,NULL,NULL,'R');
INSERT INTO `products` (`id`, `name`, `model`, `article`, `brand_id`, `category_id`, `size`, `color`, `orient`) VALUES (319,'Клюшка','Композитная Adrenaline SR Reg (Messier)','',11,10,NULL,NULL,'L');
INSERT INTO `products` (`id`, `name`, `model`, `article`, `brand_id`, `category_id`, `size`, `color`, `orient`) VALUES (320,'Клюшка','Композитная Adrenaline SR Reg (Morrow)','',11,10,NULL,NULL,'L');
INSERT INTO `products` (`id`, `name`, `model`, `article`, `brand_id`, `category_id`, `size`, `color`, `orient`) VALUES (321,'Клюшка','Композитная Adrenaline SR Reg (P05)','',11,10,NULL,NULL,'R');
INSERT INTO `products` (`id`, `name`, `model`, `article`, `brand_id`, `category_id`, `size`, `color`, `orient`) VALUES (322,'Клюшка','Композитная Adrenaline SR Reg (P55)','',11,10,NULL,NULL,'R');
INSERT INTO `products` (`id`, `name`, `model`, `article`, `brand_id`, `category_id`, `size`, `color`, `orient`) VALUES (323,'Клюшка','Композитная Adrenaline SR Reg (Sundin)','',11,10,NULL,NULL,'R');
INSERT INTO `products` (`id`, `name`, `model`, `article`, `brand_id`, `category_id`, `size`, `color`, `orient`) VALUES (324,'Клюшка','Композитная Adrenaline SR Stiff (P05)','',11,10,NULL,NULL,'R');
INSERT INTO `products` (`id`, `name`, `model`, `article`, `brand_id`, `category_id`, `size`, `color`, `orient`) VALUES (325,'Клюшка','Композитная Adrenaline SR Stiff (P19)','',11,10,NULL,NULL,'R');
INSERT INTO `products` (`id`, `name`, `model`, `article`, `brand_id`, `category_id`, `size`, `color`, `orient`) VALUES (326,'Клюшка','Композитная Adrenaline SR Stiff (P31)','',11,10,NULL,NULL,'R');
INSERT INTO `products` (`id`, `name`, `model`, `article`, `brand_id`, `category_id`, `size`, `color`, `orient`) VALUES (327,'Клюшка','Композитная Adrenaline SR Stiff (P55)','',11,10,NULL,NULL,'R');
INSERT INTO `products` (`id`, `name`, `model`, `article`, `brand_id`, `category_id`, `size`, `color`, `orient`) VALUES (328,'Клюшка','Композитная Adrenaline SR Stiff (Sundin)','',11,10,NULL,NULL,'L');
INSERT INTO `products` (`id`, `name`, `model`, `article`, `brand_id`, `category_id`, `size`, `color`, `orient`) VALUES (329,'Клюшка','Композитная Adrenaline SR XStiff (P27)','',11,10,NULL,NULL,'R');
INSERT INTO `products` (`id`, `name`, `model`, `article`, `brand_id`, `category_id`, `size`, `color`, `orient`) VALUES (330,'Клюшка','Композитная Response XN10 SR Reg (Nash)','',11,10,NULL,NULL,'R');
INSERT INTO `products` (`id`, `name`, `model`, `article`, `brand_id`, `category_id`, `size`, `color`, `orient`) VALUES (331,'Клюшка','Композитная Response XN10 SR Reg (P05)','',11,10,NULL,NULL,'R');
INSERT INTO `products` (`id`, `name`, `model`, `article`, `brand_id`, `category_id`, `size`, `color`, `orient`) VALUES (332,'Клюшка','Композитная XN10 SR Stiff (P09)','',11,10,NULL,NULL,'R');
INSERT INTO `products` (`id`, `name`, `model`, `article`, `brand_id`, `category_id`, `size`, `color`, `orient`) VALUES (333,'Клюшка','Композитная XN10 SR Stiff (P19)','',11,10,NULL,NULL,'R');
INSERT INTO `products` (`id`, `name`, `model`, `article`, `brand_id`, `category_id`, `size`, `color`, `orient`) VALUES (334,'Клюшка','Композитная XN10 SR Stiff (P27)','',11,10,NULL,NULL,'L');
INSERT INTO `products` (`id`, `name`, `model`, `article`, `brand_id`, `category_id`, `size`, `color`, `orient`) VALUES (335,'Клюшка','Композитная XN10 SR Stiff (P31)','',11,10,NULL,NULL,'L');
INSERT INTO `products` (`id`, `name`, `model`, `article`, `brand_id`, `category_id`, `size`, `color`, `orient`) VALUES (336,'Клюшка','R-002','',22,9,NULL,NULL,NULL);
INSERT INTO `products` (`id`, `name`, `model`, `article`, `brand_id`, `category_id`, `size`, `color`, `orient`) VALUES (337,'Клюшка','R-003','',22,9,NULL,NULL,NULL);
INSERT INTO `products` (`id`, `name`, `model`, `article`, `brand_id`, `category_id`, `size`, `color`, `orient`) VALUES (338,'Клюшка','Деревянная С21110','',25,9,NULL,NULL,'R');
INSERT INTO `products` (`id`, `name`, `model`, `article`, `brand_id`, `category_id`, `size`, `color`, `orient`) VALUES (339,'Клюшка','Композитная Vapor XXXX-SE Comp SR-77 (P88)','1029109',5,10,NULL,NULL,'R');
INSERT INTO `products` (`id`, `name`, `model`, `article`, `brand_id`, `category_id`, `size`, `color`, `orient`) VALUES (340,'Клюшка','Surge 221 цельнокомпозитная Comp Flex-85 (9)','',8,9,NULL,NULL,'L; R');
INSERT INTO `products` (`id`, `name`, `model`, `article`, `brand_id`, `category_id`, `size`, `color`, `orient`) VALUES (341,'Клюшка','Композитная TF Evolution Comp 95-flex (11)','',13,9,NULL,NULL,'R');
INSERT INTO `products` (`id`, `name`, `model`, `article`, `brand_id`, `category_id`, `size`, `color`, `orient`) VALUES (342,'Клюшка','225 для ринк-бенди Tip Hook','',14,9,NULL,NULL,'R');
INSERT INTO `products` (`id`, `name`, `model`, `article`, `brand_id`, `category_id`, `size`, `color`, `orient`) VALUES (343,'Коньки','VAPOR X .0 Skate JR','1037133',5,16,NULL,NULL,NULL);
INSERT INTO `products` (`id`, `name`, `model`, `article`, `brand_id`, `category_id`, `size`, `color`, `orient`) VALUES (344,'Коньки','Supreme ONE 20 Skate YTH','1034486',5,17,NULL,NULL,NULL);
INSERT INTO `products` (`id`, `name`, `model`, `article`, `brand_id`, `category_id`, `size`, `color`, `orient`) VALUES (345,'Коньки','Vapor X:60 Skate SR','1031434',5,15,NULL,NULL,NULL);
INSERT INTO `products` (`id`, `name`, `model`, `article`, `brand_id`, `category_id`, `size`, `color`, `orient`) VALUES (346,'Коньки','Vapor X:60 Skate JR','1031435',5,16,NULL,NULL,NULL);
INSERT INTO `products` (`id`, `name`, `model`, `article`, `brand_id`, `category_id`, `size`, `color`, `orient`) VALUES (347,'Коньки','Vapor X:40 Skate SR','1031441',5,15,NULL,NULL,NULL);
INSERT INTO `products` (`id`, `name`, `model`, `article`, `brand_id`, `category_id`, `size`, `color`, `orient`) VALUES (348,'Коньки','Vapor X:30 Skate SR','1031444',5,15,NULL,NULL,NULL);
INSERT INTO `products` (`id`, `name`, `model`, `article`, `brand_id`, `category_id`, `size`, `color`, `orient`) VALUES (349,'Коньки','Vapor X:50 Skate SR','1032567',5,15,NULL,NULL,NULL);
INSERT INTO `products` (`id`, `name`, `model`, `article`, `brand_id`, `category_id`, `size`, `color`, `orient`) VALUES (350,'Коньки','Supreme ONE 100 Skate SR','1034471',5,15,NULL,NULL,NULL);
INSERT INTO `products` (`id`, `name`, `model`, `article`, `brand_id`, `category_id`, `size`, `color`, `orient`) VALUES (351,'Коньки','Supreme ONE 80 Skate SR','1034475',5,15,NULL,NULL,NULL);
INSERT INTO `products` (`id`, `name`, `model`, `article`, `brand_id`, `category_id`, `size`, `color`, `orient`) VALUES (352,'Коньки','Supreme ONE 70 Skate SR','1034477',5,15,NULL,NULL,NULL);
INSERT INTO `products` (`id`, `name`, `model`, `article`, `brand_id`, `category_id`, `size`, `color`, `orient`) VALUES (353,'Коньки','Supreme ONE 60 Skate SR','1034479',5,15,NULL,NULL,NULL);
INSERT INTO `products` (`id`, `name`, `model`, `article`, `brand_id`, `category_id`, `size`, `color`, `orient`) VALUES (354,'Коньки','Supreme ONE 20 Skate SR','1034484',5,15,NULL,NULL,NULL);
INSERT INTO `products` (`id`, `name`, `model`, `article`, `brand_id`, `category_id`, `size`, `color`, `orient`) VALUES (355,'Коньки','Supreme ONE 20 Skate JR','1034485',5,16,NULL,NULL,NULL);
INSERT INTO `products` (`id`, `name`, `model`, `article`, `brand_id`, `category_id`, `size`, `color`, `orient`) VALUES (356,'Коньки','Supreme TOTALONE Skate SR','1035926',5,15,NULL,NULL,NULL);
INSERT INTO `products` (`id`, `name`, `model`, `article`, `brand_id`, `category_id`, `size`, `color`, `orient`) VALUES (357,'Коньки','VAPOR X 6.0 Skate SR','1036977',5,15,NULL,NULL,NULL);
INSERT INTO `products` (`id`, `name`, `model`, `article`, `brand_id`, `category_id`, `size`, `color`, `orient`) VALUES (358,'Коньки','VAPOR X 5.0 Skate SR','1036979',5,15,NULL,NULL,NULL);
INSERT INTO `products` (`id`, `name`, `model`, `article`, `brand_id`, `category_id`, `size`, `color`, `orient`) VALUES (359,'Коньки','VAPOR X 4.0 Skate SR','1036981',5,15,NULL,NULL,NULL);
INSERT INTO `products` (`id`, `name`, `model`, `article`, `brand_id`, `category_id`, `size`, `color`, `orient`) VALUES (360,'Коньки','VAPOR APX Skate SR','1036997',5,15,NULL,NULL,NULL);
INSERT INTO `products` (`id`, `name`, `model`, `article`, `brand_id`, `category_id`, `size`, `color`, `orient`) VALUES (361,'Коньки','VAPOR X 7.0 Skate SR','1036998',5,15,NULL,NULL,NULL);
INSERT INTO `products` (`id`, `name`, `model`, `article`, `brand_id`, `category_id`, `size`, `color`, `orient`) VALUES (362,'Коньки','VAPOR X 3.0 Skate SR','1037001',5,15,NULL,NULL,NULL);
INSERT INTO `products` (`id`, `name`, `model`, `article`, `brand_id`, `category_id`, `size`, `color`, `orient`) VALUES (363,'Коньки','VAPOR X 2.0 Skate SR','1037032',5,15,NULL,NULL,NULL);
INSERT INTO `products` (`id`, `name`, `model`, `article`, `brand_id`, `category_id`, `size`, `color`, `orient`) VALUES (364,'Коньки','VAPOR X 1.0 Skate SR','1037034',5,15,NULL,NULL,NULL);
INSERT INTO `products` (`id`, `name`, `model`, `article`, `brand_id`, `category_id`, `size`, `color`, `orient`) VALUES (365,'Коньки','VAPOR X .0 Skate SR','1037134',5,15,NULL,NULL,NULL);
INSERT INTO `products` (`id`, `name`, `model`, `article`, `brand_id`, `category_id`, `size`, `color`, `orient`) VALUES (366,'Коньки','VAPOR X .0 Skate YTH','1037135',5,17,NULL,NULL,NULL);
INSERT INTO `products` (`id`, `name`, `model`, `article`, `brand_id`, `category_id`, `size`, `color`, `orient`) VALUES (367,'Коньки','Supreme','',5,14,'990',NULL,NULL);
INSERT INTO `products` (`id`, `name`, `model`, `article`, `brand_id`, `category_id`, `size`, `color`, `orient`) VALUES (368,'Коньки','Vapor XIV','',5,14,NULL,NULL,NULL);
INSERT INTO `products` (`id`, `name`, `model`, `article`, `brand_id`, `category_id`, `size`, `color`, `orient`) VALUES (369,'Коньки','U+01 YTH','H349531000',2,17,'30',NULL,NULL);
INSERT INTO `products` (`id`, `name`, `model`, `article`, `brand_id`, `category_id`, `size`, `color`, `orient`) VALUES (370,'Коньки','92 YTH','H349461000',2,17,'28',NULL,NULL);
INSERT INTO `products` (`id`, `name`, `model`, `article`, `brand_id`, `category_id`, `size`, `color`, `orient`) VALUES (371,'Коньки','52 YTH','H349465000',2,17,'27; 28',NULL,NULL);
INSERT INTO `products` (`id`, `name`, `model`, `article`, `brand_id`, `category_id`, `size`, `color`, `orient`) VALUES (372,'Коньки','52 Jr','H349465100',2,16,'38',NULL,NULL);
INSERT INTO `products` (`id`, `name`, `model`, `article`, `brand_id`, `category_id`, `size`, `color`, `orient`) VALUES (373,'Коньки','93 JR','H349519100',2,16,'36',NULL,NULL);
INSERT INTO `products` (`id`, `name`, `model`, `article`, `brand_id`, `category_id`, `size`, `color`, `orient`) VALUES (374,'Коньки','93 SR','H349519200',2,15,'39; 42; 43',NULL,NULL);
INSERT INTO `products` (`id`, `name`, `model`, `article`, `brand_id`, `category_id`, `size`, `color`, `orient`) VALUES (375,'Коньки','HCTM26 92 RUSSIA SR','',2,15,'39',NULL,NULL);
INSERT INTO `products` (`id`, `name`, `model`, `article`, `brand_id`, `category_id`, `size`, `color`, `orient`) VALUES (376,'Коньки','U+02 GR8-2 SR','H349002000',2,15,'40',NULL,NULL);
INSERT INTO `products` (`id`, `name`, `model`, `article`, `brand_id`, `category_id`, `size`, `color`, `orient`) VALUES (377,'Коньки','01 Jr','H349210100',2,16,'38',NULL,NULL);
INSERT INTO `products` (`id`, `name`, `model`, `article`, `brand_id`, `category_id`, `size`, `color`, `orient`) VALUES (378,'Коньки','01 YTH','H349211000',2,17,'27',NULL,NULL);
INSERT INTO `products` (`id`, `name`, `model`, `article`, `brand_id`, `category_id`, `size`, `color`, `orient`) VALUES (379,'Коньки','01 Jr','H349211100',2,16,'34; 38',NULL,NULL);
INSERT INTO `products` (`id`, `name`, `model`, `article`, `brand_id`, `category_id`, `size`, `color`, `orient`) VALUES (380,'Коньки','01 Sr','H349211200',2,15,'39; 44',NULL,NULL);
INSERT INTO `products` (`id`, `name`, `model`, `article`, `brand_id`, `category_id`, `size`, `color`, `orient`) VALUES (381,'Коньки','02 Jr','H349220100',2,16,'38',NULL,NULL);
INSERT INTO `products` (`id`, `name`, `model`, `article`, `brand_id`, `category_id`, `size`, `color`, `orient`) VALUES (382,'Коньки','V03 Jr','H349230102',2,16,'3; 4',NULL,NULL);
INSERT INTO `products` (`id`, `name`, `model`, `article`, `brand_id`, `category_id`, `size`, `color`, `orient`) VALUES (383,'Коньки','V03 Sr','H349231202',2,15,'6 (D)',NULL,NULL);
INSERT INTO `products` (`id`, `name`, `model`, `article`, `brand_id`, `category_id`, `size`, `color`, `orient`) VALUES (384,'Коньки','V03 Jr','H349232102',2,16,'3 (D); 5 (D)',NULL,NULL);
INSERT INTO `products` (`id`, `name`, `model`, `article`, `brand_id`, `category_id`, `size`, `color`, `orient`) VALUES (385,'Коньки','V03 Sr','H349232202',2,15,'12 (D)',NULL,NULL);
INSERT INTO `products` (`id`, `name`, `model`, `article`, `brand_id`, `category_id`, `size`, `color`, `orient`) VALUES (386,'Коньки','Vector 04 Jr','H349240102',2,16,'5',NULL,NULL);
INSERT INTO `products` (`id`, `name`, `model`, `article`, `brand_id`, `category_id`, `size`, `color`, `orient`) VALUES (387,'Коньки','Vector 05 Sr','H349250202',2,15,'6 (D); 7 (D); 12 (D)',NULL,NULL);
INSERT INTO `products` (`id`, `name`, `model`, `article`, `brand_id`, `category_id`, `size`, `color`, `orient`) VALUES (388,'Коньки','Vector 06 Jr','H349260103',2,16,'4.5; 5',NULL,NULL);
INSERT INTO `products` (`id`, `name`, `model`, `article`, `brand_id`, `category_id`, `size`, `color`, `orient`) VALUES (389,'Коньки','Vector 08 Sr','H349280202',2,15,'6',NULL,NULL);
INSERT INTO `products` (`id`, `name`, `model`, `article`, `brand_id`, `category_id`, `size`, `color`, `orient`) VALUES (390,'Коньки','Vector U+09 Sr','H349291202',2,15,'6.5 (D); 7.5 (D)',NULL,NULL);
INSERT INTO `products` (`id`, `name`, `model`, `article`, `brand_id`, `category_id`, `size`, `color`, `orient`) VALUES (391,'Коньки','U+01 JR','H349531102',2,16,'36; 38',NULL,NULL);
INSERT INTO `products` (`id`, `name`, `model`, `article`, `brand_id`, `category_id`, `size`, `color`, `orient`) VALUES (392,'Коньки','Хоккейные STEALTH S11 Composite SR','A147102',9,15,'9.5 W',NULL,NULL);
INSERT INTO `products` (`id`, `name`, `model`, `article`, `brand_id`, `category_id`, `size`, `color`, `orient`) VALUES (393,'Коньки','Хоккейные STEALTH S15 Composite SR','A147101',9,15,'8 W; 8.5 W',NULL,NULL);
INSERT INTO `products` (`id`, `name`, `model`, `article`, `brand_id`, `category_id`, `size`, `color`, `orient`) VALUES (394,'Коньки','Super G New','',12,14,NULL,NULL,NULL);
INSERT INTO `products` (`id`, `name`, `model`, `article`, `brand_id`, `category_id`, `size`, `color`, `orient`) VALUES (395,'Коньки','Хоккейные 101 Super','',12,14,NULL,NULL,NULL);
INSERT INTO `products` (`id`, `name`, `model`, `article`, `brand_id`, `category_id`, `size`, `color`, `orient`) VALUES (396,'Коньки','Хоккейные 101 Super Jr','',12,16,NULL,NULL,NULL);
INSERT INTO `products` (`id`, `name`, `model`, `article`, `brand_id`, `category_id`, `size`, `color`, `orient`) VALUES (397,'Коньки','Хоккейные 305 Supra','',12,14,'7',NULL,NULL);
INSERT INTO `products` (`id`, `name`, `model`, `article`, `brand_id`, `category_id`, `size`, `color`, `orient`) VALUES (398,'Коньки','Хоккейные 505 Supra','',12,14,'8',NULL,NULL);
INSERT INTO `products` (`id`, `name`, `model`, `article`, `brand_id`, `category_id`, `size`, `color`, `orient`) VALUES (399,'Коньки','Хоккейные 707 Integra D','',12,14,'10',NULL,NULL);
INSERT INTO `products` (`id`, `name`, `model`, `article`, `brand_id`, `category_id`, `size`, `color`, `orient`) VALUES (400,'Коньки','Хоккейные Super G New','',12,14,'32; 33; 34; 35; 36; 37; 38; 39',NULL,NULL);
INSERT INTO `products` (`id`, `name`, `model`, `article`, `brand_id`, `category_id`, `size`, `color`, `orient`) VALUES (401,'Коньки','Super G New Jr','',12,16,NULL,NULL,NULL);
INSERT INTO `products` (`id`, `name`, `model`, `article`, `brand_id`, `category_id`, `size`, `color`, `orient`) VALUES (402,'Коньки','Хоккейные 301 Super Tecno','',12,14,'6,5; 12',NULL,NULL);
INSERT INTO `products` (`id`, `name`, `model`, `article`, `brand_id`, `category_id`, `size`, `color`, `orient`) VALUES (403,'Коньки','Хоккейные 305 Supra (S2000)','',12,14,'5',NULL,NULL);
INSERT INTO `products` (`id`, `name`, `model`, `article`, `brand_id`, `category_id`, `size`, `color`, `orient`) VALUES (404,'Коньки','Хоккейные 405 Supra','',12,14,'4; 5; 6; 11; 12',NULL,NULL);
INSERT INTO `products` (`id`, `name`, `model`, `article`, `brand_id`, `category_id`, `size`, `color`, `orient`) VALUES (405,'Коньки','Хоккейные 451 Techno','',12,14,'6; 6.5',NULL,NULL);
INSERT INTO `products` (`id`, `name`, `model`, `article`, `brand_id`, `category_id`, `size`, `color`, `orient`) VALUES (406,'Коньки','Хоккейные 501 Supra Tecno','',12,14,'6',NULL,NULL);
INSERT INTO `products` (`id`, `name`, `model`, `article`, `brand_id`, `category_id`, `size`, `color`, `orient`) VALUES (407,'Коньки','Хоккейные 503 Supra Carboflex','',12,14,'5',NULL,NULL);
INSERT INTO `products` (`id`, `name`, `model`, `article`, `brand_id`, `category_id`, `size`, `color`, `orient`) VALUES (408,'Коньки','Хоккейные 503 Tecno','',12,14,'10.5',NULL,NULL);
INSERT INTO `products` (`id`, `name`, `model`, `article`, `brand_id`, `category_id`, `size`, `color`, `orient`) VALUES (409,'Коньки','Хоккейные 505 Supra Jr','',12,16,NULL,NULL,NULL);
INSERT INTO `products` (`id`, `name`, `model`, `article`, `brand_id`, `category_id`, `size`, `color`, `orient`) VALUES (410,'Коньки','Хоккейные Ultra G','',12,14,'5',NULL,NULL);
INSERT INTO `products` (`id`, `name`, `model`, `article`, `brand_id`, `category_id`, `size`, `color`, `orient`) VALUES (411,'Коньки','Хоккейные 705 Supra','',12,14,NULL,NULL,NULL);
INSERT INTO `products` (`id`, `name`, `model`, `article`, `brand_id`, `category_id`, `size`, `color`, `orient`) VALUES (412,'Коньки','Хоккейные 705 Supra Teclite','',12,14,'3000',NULL,NULL);
INSERT INTO `products` (`id`, `name`, `model`, `article`, `brand_id`, `category_id`, `size`, `color`, `orient`) VALUES (413,'Коньки','Хоккейные 707 Integra','',12,14,'10 D',NULL,NULL);
INSERT INTO `products` (`id`, `name`, `model`, `article`, `brand_id`, `category_id`, `size`, `color`, `orient`) VALUES (414,'Коньки','Хоккейные 707 Supra','',12,14,'6.5',NULL,NULL);
INSERT INTO `products` (`id`, `name`, `model`, `article`, `brand_id`, `category_id`, `size`, `color`, `orient`) VALUES (415,'Коньки','Хоккейные 709 Supra','',12,14,'6.5; 7; 10; 10,5; 11,5',NULL,NULL);
INSERT INTO `products` (`id`, `name`, `model`, `article`, `brand_id`, `category_id`, `size`, `color`, `orient`) VALUES (416,'Коньки','Хоккейные 735 Supra Teclite','',12,14,'7; 8; 11; 11.5',NULL,NULL);
INSERT INTO `products` (`id`, `name`, `model`, `article`, `brand_id`, `category_id`, `size`, `color`, `orient`) VALUES (417,'Коньки','Хоккейные 702 Bandy','',12,14,'7',NULL,NULL);
INSERT INTO `products` (`id`, `name`, `model`, `article`, `brand_id`, `category_id`, `size`, `color`, `orient`) VALUES (418,'Коньки','Supreme 50 JR','1025764',5,16,'3 (D)',NULL,NULL);
INSERT INTO `products` (`id`, `name`, `model`, `article`, `brand_id`, `category_id`, `size`, `color`, `orient`) VALUES (419,'Коньки','Vapor XXXX Skate','1027718',5,14,'6(D)',NULL,NULL);
INSERT INTO `products` (`id`, `name`, `model`, `article`, `brand_id`, `category_id`, `size`, `color`, `orient`) VALUES (420,'Коньки','Supreme 70 SR','1025750',5,15,'6 (ЕЕ); 11(D)',NULL,NULL);
INSERT INTO `products` (`id`, `name`, `model`, `article`, `brand_id`, `category_id`, `size`, `color`, `orient`) VALUES (421,'Коньки','Supreme ONE 90 SR','1025774',5,15,'6 (2E); 7 (2E); 10,5(D)',NULL,NULL);
INSERT INTO `products` (`id`, `name`, `model`, `article`, `brand_id`, `category_id`, `size`, `color`, `orient`) VALUES (422,'Коньки','Supreme ONE 90 JR','1025775',5,16,'1 (D); 1 (EE); 1.5 (ЕЕ); 2 (D); 2,5 (D); 3 (D); 3 (ЕЕ); 3,5 (ЕЕ); 4 (ЕЕ); 4,5 (D); 4,5 (ЕЕ); 5 (D)',NULL,NULL);
INSERT INTO `products` (`id`, `name`, `model`, `article`, `brand_id`, `category_id`, `size`, `color`, `orient`) VALUES (423,'Коньки','Vapor IX Skate SR','1027736',5,15,'6',NULL,NULL);
INSERT INTO `products` (`id`, `name`, `model`, `article`, `brand_id`, `category_id`, `size`, `color`, `orient`) VALUES (424,'Коньки','Supreme ONE95 JR','1028884',5,16,'1,5 (2E)',NULL,NULL);
INSERT INTO `products` (`id`, `name`, `model`, `article`, `brand_id`, `category_id`, `size`, `color`, `orient`) VALUES (425,'Коньки','Игрока 5K PUMP JR','H449055006K',3,16,NULL,NULL,NULL);
INSERT INTO `products` (`id`, `name`, `model`, `article`, `brand_id`, `category_id`, `size`, `color`, `orient`) VALUES (426,'Коньки','Игрока 1K White','H449211102',3,14,'1; 2; 3; 4; 5',NULL,NULL);
INSERT INTO `products` (`id`, `name`, `model`, `article`, `brand_id`, `category_id`, `size`, `color`, `orient`) VALUES (427,'Коньки','Игрока 1K White','H449211202',3,14,'6',NULL,NULL);
INSERT INTO `products` (`id`, `name`, `model`, `article`, `brand_id`, `category_id`, `size`, `color`, `orient`) VALUES (428,'Коньки','Игрока 2K','H449320202',3,14,'11; 12',NULL,NULL);
INSERT INTO `products` (`id`, `name`, `model`, `article`, `brand_id`, `category_id`, `size`, `color`, `orient`) VALUES (429,'Коньки','Игрока 3K SR','H449231202',3,15,'6',NULL,NULL);
INSERT INTO `products` (`id`, `name`, `model`, `article`, `brand_id`, `category_id`, `size`, `color`, `orient`) VALUES (430,'Коньки','5K PUMP White','H449252202',3,14,'6.5; 11.5; 12',NULL,NULL);
INSERT INTO `products` (`id`, `name`, `model`, `article`, `brand_id`, `category_id`, `size`, `color`, `orient`) VALUES (431,'Коньки','Игрока 7K Pump Sr','H449371202',3,15,'10 (D)',NULL,NULL);
INSERT INTO `products` (`id`, `name`, `model`, `article`, `brand_id`, `category_id`, `size`, `color`, `orient`) VALUES (432,'Коньки','Игрока 8K PUMP White','H449382202',3,14,'8 (D); 8.5 (D); 10 (D)',NULL,NULL);
INSERT INTO `products` (`id`, `name`, `model`, `article`, `brand_id`, `category_id`, `size`, `color`, `orient`) VALUES (433,'Коньки','Игрока 10K Pump SR','H449301202',3,15,'7 (D)',NULL,NULL);
INSERT INTO `products` (`id`, `name`, `model`, `article`, `brand_id`, `category_id`, `size`, `color`, `orient`) VALUES (434,'Коньки','Детс. раздвижные Expandable','H449007100',3,14,NULL,NULL,NULL);
INSERT INTO `products` (`id`, `name`, `model`, `article`, `brand_id`, `category_id`, `size`, `color`, `orient`) VALUES (435,'Коньки','Игрока FitLite','H449200100',3,14,'34; 35',NULL,NULL);
INSERT INTO `products` (`id`, `name`, `model`, `article`, `brand_id`, `category_id`, `size`, `color`, `orient`) VALUES (436,'Коньки','Игрока FitLite','H449200200',3,14,'47',NULL,NULL);
INSERT INTO `products` (`id`, `name`, `model`, `article`, `brand_id`, `category_id`, `size`, `color`, `orient`) VALUES (437,'Ловушка','Вратарская 206 GM Spyder JR','',1,40,NULL,NULL,NULL);
INSERT INTO `products` (`id`, `name`, `model`, `article`, `brand_id`, `category_id`, `size`, `color`, `orient`) VALUES (438,'Ловушка','Вратарская 206 GM Spyder PW','',1,40,NULL,NULL,NULL);
INSERT INTO `products` (`id`, `name`, `model`, `article`, `brand_id`, `category_id`, `size`, `color`, `orient`) VALUES (439,'Ловушка','Вратарская 208 GM Spyder SR','',1,40,NULL,NULL,NULL);
INSERT INTO `products` (`id`, `name`, `model`, `article`, `brand_id`, `category_id`, `size`, `color`, `orient`) VALUES (440,'Ловушка','Вратаря Supreme One95 SR (WBLS)','1028361',5,40,NULL,'бел/син/сер',NULL);
INSERT INTO `products` (`id`, `name`, `model`, `article`, `brand_id`, `category_id`, `size`, `color`, `orient`) VALUES (441,'Ловушка','Вратаря Supreme ONE 60 SR (WBKS) - FRT','1033886',5,40,NULL,'бел/черн/сер',NULL);
INSERT INTO `products` (`id`, `name`, `model`, `article`, `brand_id`, `category_id`, `size`, `color`, `orient`) VALUES (442,'Ловушка','Вратаря XPulse SR 10 PRO','H465106424',3,40,NULL,'бел/син',NULL);
INSERT INTO `products` (`id`, `name`, `model`, `article`, `brand_id`, `category_id`, `size`, `color`, `orient`) VALUES (443,'Блин','202 вратарский Spyder PW','',1,39,NULL,NULL,NULL);
INSERT INTO `products` (`id`, `name`, `model`, `article`, `brand_id`, `category_id`, `size`, `color`, `orient`) VALUES (444,'Блин','203 вратарский Viper JR','',1,39,NULL,NULL,NULL);
INSERT INTO `products` (`id`, `name`, `model`, `article`, `brand_id`, `category_id`, `size`, `color`, `orient`) VALUES (445,'Блин','204 вратарский Spyder SR','',1,39,NULL,NULL,NULL);
INSERT INTO `products` (`id`, `name`, `model`, `article`, `brand_id`, `category_id`, `size`, `color`, `orient`) VALUES (446,'Блин','205 вратарский Viper Pro SR','',1,39,NULL,NULL,NULL);
INSERT INTO `products` (`id`, `name`, `model`, `article`, `brand_id`, `category_id`, `size`, `color`, `orient`) VALUES (447,'Блин','2205 вратарский Cyber Pro Lite','',1,39,NULL,'черн/зол',NULL);
INSERT INTO `products` (`id`, `name`, `model`, `article`, `brand_id`, `category_id`, `size`, `color`, `orient`) VALUES (448,'Блокер','Вратарский 202 GB Spyder JR','',1,41,NULL,NULL,NULL);
INSERT INTO `products` (`id`, `name`, `model`, `article`, `brand_id`, `category_id`, `size`, `color`, `orient`) VALUES (449,'Блокер','Вратарский 202 GB Spyder PW','',1,41,NULL,NULL,NULL);
INSERT INTO `products` (`id`, `name`, `model`, `article`, `brand_id`, `category_id`, `size`, `color`, `orient`) VALUES (450,'Блокер','Вратарский 204 GB Spyder SR','',1,41,NULL,NULL,NULL);
INSERT INTO `products` (`id`, `name`, `model`, `article`, `brand_id`, `category_id`, `size`, `color`, `orient`) VALUES (451,'Блин','Вратаря Supreme One95 SR (WBLS)','1028373',5,39,NULL,'бел/син/сер',NULL);
INSERT INTO `products` (`id`, `name`, `model`, `article`, `brand_id`, `category_id`, `size`, `color`, `orient`) VALUES (452,'Блин','Вратаря RX5 RE-FLEX SR (WBKS)','1033786',5,39,NULL,'бел/черн/сер',NULL);
INSERT INTO `products` (`id`, `name`, `model`, `article`, `brand_id`, `category_id`, `size`, `color`, `orient`) VALUES (453,'Блин','Вратаря VAPOR X:40 JR (WSBB) FRT','1033793',5,39,NULL,'бел/сер/син',NULL);
INSERT INTO `products` (`id`, `name`, `model`, `article`, `brand_id`, `category_id`, `size`, `color`, `orient`) VALUES (454,'Блин','Вратаря Supreme ONE 60 SR (WBKS)','1033862',5,39,NULL,'бел/черн/сер',NULL);
INSERT INTO `products` (`id`, `name`, `model`, `article`, `brand_id`, `category_id`, `size`, `color`, `orient`) VALUES (455,'Блин','Вратаря XPulse SR 10 PRO','H465106350',3,39,NULL,'бел/крас/чер',NULL);
INSERT INTO `products` (`id`, `name`, `model`, `article`, `brand_id`, `category_id`, `size`, `color`, `orient`) VALUES (456,'Блин','Вратаря GB LARCENY L7 JR BKAW','H465143381',3,39,NULL,NULL,NULL);
INSERT INTO `products` (`id`, `name`, `model`, `article`, `brand_id`, `category_id`, `size`, `color`, `orient`) VALUES (457,'Блин','Вратаря GB P3 9K SR','H465301349',3,39,NULL,'бел/черн/золот',NULL);
INSERT INTO `products` (`id`, `name`, `model`, `article`, `brand_id`, `category_id`, `size`, `color`, `orient`) VALUES (458,'Блин','Вратаря GB 9960 JR','',21,39,NULL,'черн/бел',NULL);
INSERT INTO `products` (`id`, `name`, `model`, `article`, `brand_id`, `category_id`, `size`, `color`, `orient`) VALUES (459,'Блин','Вратаря GB Cerberus 5 JR(full right)','',21,39,NULL,'черн/бел/сер','R');
INSERT INTO `products` (`id`, `name`, `model`, `article`, `brand_id`, `category_id`, `size`, `color`, `orient`) VALUES (460,'Блин','GB вратаря Crease PRO SR','',8,39,NULL,'крас/черн/бел',NULL);
INSERT INTO `products` (`id`, `name`, `model`, `article`, `brand_id`, `category_id`, `size`, `color`, `orient`) VALUES (461,'Коньки','Ultra 50 Goaler Pro','',12,14,'6.5; 7; 7.5',NULL,NULL);
INSERT INTO `products` (`id`, `name`, `model`, `article`, `brand_id`, `category_id`, `size`, `color`, `orient`) VALUES (462,'Коньки','Вратарские Goaler Elite','',12,14,'4; 5',NULL,NULL);
INSERT INTO `products` (`id`, `name`, `model`, `article`, `brand_id`, `category_id`, `size`, `color`, `orient`) VALUES (463,'Коньки','Вратаря Supreme ONE100 GOAL','1033576',5,14,'7 (EE)',NULL,NULL);
INSERT INTO `products` (`id`, `name`, `model`, `article`, `brand_id`, `category_id`, `size`, `color`, `orient`) VALUES (464,'Коньки','Вратаря Supreme ONE 80 GOAL','1033616',5,14,'7 (D)',NULL,NULL);
INSERT INTO `products` (`id`, `name`, `model`, `article`, `brand_id`, `category_id`, `size`, `color`, `orient`) VALUES (465,'Коньки','Вратаря 5K Pump Jr','H449100403',3,16,'3',NULL,NULL);
INSERT INTO `products` (`id`, `name`, `model`, `article`, `brand_id`, `category_id`, `size`, `color`, `orient`) VALUES (466,'Коньки','Вратарские Goalier Elite','',12,14,'3',NULL,NULL);
INSERT INTO `products` (`id`, `name`, `model`, `article`, `brand_id`, `category_id`, `size`, `color`, `orient`) VALUES (467,'Коньки','Вратарские Goalier Pro','',12,14,'6; 7.5',NULL,NULL);
INSERT INTO `products` (`id`, `name`, `model`, `article`, `brand_id`, `category_id`, `size`, `color`, `orient`) VALUES (468,'Брюки','Вратаря BLOCKER','5111900',23,26,'L','черн/оранж',NULL);
INSERT INTO `products` (`id`, `name`, `model`, `article`, `brand_id`, `category_id`, `size`, `color`, `orient`) VALUES (469,'Трусы','255 вратарские Pro','',1,8,'54','черн',NULL);
INSERT INTO `products` (`id`, `name`, `model`, `article`, `brand_id`, `category_id`, `size`, `color`, `orient`) VALUES (470,'Шорты','Вратарские 253 HPG JR','',1,30,NULL,NULL,NULL);
INSERT INTO `products` (`id`, `name`, `model`, `article`, `brand_id`, `category_id`, `size`, `color`, `orient`) VALUES (471,'Шорты','Вратарские 253 HPG JR - 140,','',1,30,NULL,'черный',NULL);
INSERT INTO `products` (`id`, `name`, `model`, `article`, `brand_id`, `category_id`, `size`, `color`, `orient`) VALUES (472,'Шорты','Вратарские 253 HPG JR - 160,','',1,30,NULL,'черный',NULL);
INSERT INTO `products` (`id`, `name`, `model`, `article`, `brand_id`, `category_id`, `size`, `color`, `orient`) VALUES (473,'Шорты','Вратарские 255 GHP PRO','',1,30,'46; 48; 50; 52; 54',NULL,NULL);
INSERT INTO `products` (`id`, `name`, `model`, `article`, `brand_id`, `category_id`, `size`, `color`, `orient`) VALUES (474,'Трусы','Вратаря PRO GOAL SR','1033627',5,8,'L','т-синяя; черн',NULL);
INSERT INTO `products` (`id`, `name`, `model`, `article`, `brand_id`, `category_id`, `size`, `color`, `orient`) VALUES (475,'Трусы','Вратаря ELITE GOAL SR','1034028',5,8,'L','т-синие; черн',NULL);
INSERT INTO `products` (`id`, `name`, `model`, `article`, `brand_id`, `category_id`, `size`, `color`, `orient`) VALUES (476,'Трусы','Вратаря PERFORMANCE JR','1034031',5,8,'M','черные',NULL);
INSERT INTO `products` (`id`, `name`, `model`, `article`, `brand_id`, `category_id`, `size`, `color`, `orient`) VALUES (477,'Трусы','Вратаря ONE95 Pant SR','1029497',5,8,'M; XL','черн',NULL);
INSERT INTO `products` (`id`, `name`, `model`, `article`, `brand_id`, `category_id`, `size`, `color`, `orient`) VALUES (478,'Трусы','Вратаря ONE75 Pant SR','1029500',5,8,'M','черн',NULL);
INSERT INTO `products` (`id`, `name`, `model`, `article`, `brand_id`, `category_id`, `size`, `color`, `orient`) VALUES (479,'Трусы','Вратаря HPG 9K JR','H465143914',3,8,'L; M','черные',NULL);
INSERT INTO `products` (`id`, `name`, `model`, `article`, `brand_id`, `category_id`, `size`, `color`, `orient`) VALUES (480,'Трусы','Вратаря HPG PRO SPEC SR','H465301904',3,8,'7=XL','т.-синие',NULL);
INSERT INTO `products` (`id`, `name`, `model`, `article`, `brand_id`, `category_id`, `size`, `color`, `orient`) VALUES (481,'Белье','Спортивное вратаря (брюки) GJ Jock Pants PRO SR','H465061700',3,21,NULL,NULL,NULL);
INSERT INTO `products` (`id`, `name`, `model`, `article`, `brand_id`, `category_id`, `size`, `color`, `orient`) VALUES (482,'Щитки','Вратарские GP Spyder','',1,6,NULL,NULL,NULL);
INSERT INTO `products` (`id`, `name`, `model`, `article`, `brand_id`, `category_id`, `size`, `color`, `orient`) VALUES (483,'Щитки','Вратарские GP Spyder JR','',1,6,NULL,NULL,NULL);
INSERT INTO `products` (`id`, `name`, `model`, `article`, `brand_id`, `category_id`, `size`, `color`, `orient`) VALUES (484,'Щитки','Вратаря Reflex RX8 SR','1036362',5,6,NULL,NULL,NULL);
INSERT INTO `products` (`id`, `name`, `model`, `article`, `brand_id`, `category_id`, `size`, `color`, `orient`) VALUES (485,'Щитки','Вратаря Supreme ONE 60 JR','1033646',5,6,NULL,NULL,NULL);
INSERT INTO `products` (`id`, `name`, `model`, `article`, `brand_id`, `category_id`, `size`, `color`, `orient`) VALUES (486,'Щитки','Вратаря GP XPulse PRO SR','H465100078',3,6,NULL,NULL,NULL);
INSERT INTO `products` (`id`, `name`, `model`, `article`, `brand_id`, `category_id`, `size`, `color`, `orient`) VALUES (487,'Щитки','Вратаря GP P3 PRO SR','H465300049',3,6,NULL,NULL,NULL);
INSERT INTO `products` (`id`, `name`, `model`, `article`, `brand_id`, `category_id`, `size`, `color`, `orient`) VALUES (488,'Щитки','Вратарские GP 9990 JR','',21,6,NULL,NULL,NULL);
INSERT INTO `products` (`id`, `name`, `model`, `article`, `brand_id`, `category_id`, `size`, `color`, `orient`) VALUES (489,'Щитки','GP вратаря Crease 50 YTH','',8,6,NULL,NULL,NULL);
INSERT INTO `products` (`id`, `name`, `model`, `article`, `brand_id`, `category_id`, `size`, `color`, `orient`) VALUES (490,'Паховая защита','Вратаря 243 JR','',1,30,NULL,NULL,NULL);
INSERT INTO `products` (`id`, `name`, `model`, `article`, `brand_id`, `category_id`, `size`, `color`, `orient`) VALUES (491,'Паховая защита','Вратаря 246 PRO','',1,30,NULL,NULL,NULL);
INSERT INTO `products` (`id`, `name`, `model`, `article`, `brand_id`, `category_id`, `size`, `color`, `orient`) VALUES (492,'Паховая защита','Вратаря 247 PRO HARDFLEX','',1,30,NULL,NULL,NULL);
INSERT INTO `products` (`id`, `name`, `model`, `article`, `brand_id`, `category_id`, `size`, `color`, `orient`) VALUES (493,'Раковина','Вратаря женская GOAL JILL','1033870',5,30,NULL,NULL,NULL);
INSERT INTO `products` (`id`, `name`, `model`, `article`, `brand_id`, `category_id`, `size`, `color`, `orient`) VALUES (494,'Раковина','Вратаря PRO GOAL JOCK SR','1036397',5,30,NULL,NULL,NULL);
INSERT INTO `products` (`id`, `name`, `model`, `article`, `brand_id`, `category_id`, `size`, `color`, `orient`) VALUES (495,'Раковина','Вратаря GJ JR PRO','H465063200',3,30,NULL,NULL,NULL);
INSERT INTO `products` (`id`, `name`, `model`, `article`, `brand_id`, `category_id`, `size`, `color`, `orient`) VALUES (496,'Раковина','Вратаря GJ 9980 JR','',21,30,NULL,NULL,NULL);
INSERT INTO `products` (`id`, `name`, `model`, `article`, `brand_id`, `category_id`, `size`, `color`, `orient`) VALUES (497,'Нагрудник','Вратаря 222 AB Spyder PW','',1,4,NULL,NULL,NULL);
INSERT INTO `products` (`id`, `name`, `model`, `article`, `brand_id`, `category_id`, `size`, `color`, `orient`) VALUES (498,'Нагрудник','Вратаря 223 AB Spyder JR','',1,4,NULL,NULL,NULL);
INSERT INTO `products` (`id`, `name`, `model`, `article`, `brand_id`, `category_id`, `size`, `color`, `orient`) VALUES (499,'Нагрудник','Вратаря 224 AB Spyder SR','',1,4,NULL,NULL,NULL);
INSERT INTO `products` (`id`, `name`, `model`, `article`, `brand_id`, `category_id`, `size`, `color`, `orient`) VALUES (500,'Нагрудник','Вратаря ELITE INT','1034034',5,4,'L; M',NULL,NULL);
INSERT INTO `products` (`id`, `name`, `model`, `article`, `brand_id`, `category_id`, `size`, `color`, `orient`) VALUES (501,'Нагрудник','Вратаря ONE55 JR','1029496',5,4,'S',NULL,NULL);
INSERT INTO `products` (`id`, `name`, `model`, `article`, `brand_id`, `category_id`, `size`, `color`, `orient`) VALUES (502,'Нагрудник','Вратаря AB XP ProSpec INT','H465112700',3,4,'L',NULL,NULL);
INSERT INTO `products` (`id`, `name`, `model`, `article`, `brand_id`, `category_id`, `size`, `color`, `orient`) VALUES (503,'Нагрудник','Вратаря AB XP ProSpec JR','H465113700',3,4,'L; M; XL',NULL,NULL);
INSERT INTO `products` (`id`, `name`, `model`, `article`, `brand_id`, `category_id`, `size`, `color`, `orient`) VALUES (504,'Нагрудник','Вратаря AB 9K KFS JR','H465143700',3,4,'M',NULL,NULL);
INSERT INTO `products` (`id`, `name`, `model`, `article`, `brand_id`, `category_id`, `size`, `color`, `orient`) VALUES (505,'Нагрудник','AB вратаря Crease 200 JR','',8,4,'S',NULL,NULL);
INSERT INTO `products` (`id`, `name`, `model`, `article`, `brand_id`, `category_id`, `size`, `color`, `orient`) VALUES (506,'Джемпер','Форма хоккейная (вратаря) SR Goal','H359002713',2,25,NULL,'красный',NULL);
INSERT INTO `products` (`id`, `name`, `model`, `article`, `brand_id`, `category_id`, `size`, `color`, `orient`) VALUES (507,'Белье','Спортивное вратаря (Рубашка) GP Padded Shirt SR','H465062000',3,21,'M',NULL,NULL);
INSERT INTO `products` (`id`, `name`, `model`, `article`, `brand_id`, `category_id`, `size`, `color`, `orient`) VALUES (508,'Рубашка','Вратарская тренировочная','',21,22,'L','серая',NULL);
INSERT INTO `products` (`id`, `name`, `model`, `article`, `brand_id`, `category_id`, `size`, `color`, `orient`) VALUES (509,'Маска','Вратаря Profile 960 CSA PRO SR','1034150',5,3,NULL,'белая; хром',NULL);
INSERT INTO `products` (`id`, `name`, `model`, `article`, `brand_id`, `category_id`, `size`, `color`, `orient`) VALUES (510,'Маска','Вратаря PROFILE 1200/1400/2500 SR','1034199',5,3,NULL,'золото',NULL);
INSERT INTO `products` (`id`, `name`, `model`, `article`, `brand_id`, `category_id`, `size`, `color`, `orient`) VALUES (511,'Маска','Вратаря PROFILE 1200/2500 Cert Cat eye SR','1034202',5,3,NULL,'золото',NULL);
INSERT INTO `products` (`id`, `name`, `model`, `article`, `brand_id`, `category_id`, `size`, `color`, `orient`) VALUES (512,'Маска','Вратаря PROFILE 1200/2500 Cert Cat eye JR','1034203',5,3,NULL,'золото; хром',NULL);
INSERT INTO `products` (`id`, `name`, `model`, `article`, `brand_id`, `category_id`, `size`, `color`, `orient`) VALUES (513,'Маска','Вратаря PROFILE 1201 Non CSA SR','1034207',5,3,NULL,'золото',NULL);
INSERT INTO `products` (`id`, `name`, `model`, `article`, `brand_id`, `category_id`, `size`, `color`, `orient`) VALUES (514,'Маска','Вратаря NME 9/7 CCE2 PRO Cat eye SR','1036490',5,3,NULL,'хром',NULL);
INSERT INTO `products` (`id`, `name`, `model`, `article`, `brand_id`, `category_id`, `size`, `color`, `orient`) VALUES (515,'Шлем','Вратаря NME 3 YTH','1036905',5,2,NULL,'черный',NULL);
INSERT INTO `products` (`id`, `name`, `model`, `article`, `brand_id`, `category_id`, `size`, `color`, `orient`) VALUES (516,'Шлем','Защитная решетка на вратаря Cat eye','',24,2,NULL,'черный',NULL);
INSERT INTO `products` (`id`, `name`, `model`, `article`, `brand_id`, `category_id`, `size`, `color`, `orient`) VALUES (517,'Защита шеи','Вратаря 263 TG JR','',1,31,NULL,NULL,NULL);
INSERT INTO `products` (`id`, `name`, `model`, `article`, `brand_id`, `category_id`, `size`, `color`, `orient`) VALUES (518,'Защита шеи','Вратаря 265 TG PRO','',1,31,NULL,NULL,NULL);
INSERT INTO `products` (`id`, `name`, `model`, `article`, `brand_id`, `category_id`, `size`, `color`, `orient`) VALUES (519,'Защита горла','Вратаря NECTECH® GOALIE BIB SR','1034633',5,31,NULL,NULL,NULL);
INSERT INTO `products` (`id`, `name`, `model`, `article`, `brand_id`, `category_id`, `size`, `color`, `orient`) VALUES (520,'Защита горла','Вратаря NECTECH® GOALIE BIB JR','1034634',5,31,NULL,NULL,NULL);
INSERT INTO `products` (`id`, `name`, `model`, `article`, `brand_id`, `category_id`, `size`, `color`, `orient`) VALUES (521,'Защита горла','Вратаря TC PRO KLAVA SR','H465070800',3,31,NULL,NULL,NULL);
INSERT INTO `products` (`id`, `name`, `model`, `article`, `brand_id`, `category_id`, `size`, `color`, `orient`) VALUES (522,'Защита горла','Вратаря TC PRO KLAVA JR','H465073800',3,31,NULL,NULL,NULL);
INSERT INTO `products` (`id`, `name`, `model`, `article`, `brand_id`, `category_id`, `size`, `color`, `orient`) VALUES (523,'Клюшка','Вратаря VAPOR X:40 P31 JR (22.5\"\")','1035771',5,11,NULL,'желтая','L');
INSERT INTO `products` (`id`, `name`, `model`, `article`, `brand_id`, `category_id`, `size`, `color`, `orient`) VALUES (524,'Клюшка','Вратарская 1500 GOAL SR','1036506',5,10,NULL,NULL,'R');
INSERT INTO `products` (`id`, `name`, `model`, `article`, `brand_id`, `category_id`, `size`, `color`, `orient`) VALUES (525,'Клюшка','Вратарская 1500 GOAL YTH','1036509',5,12,NULL,NULL,NULL);
INSERT INTO `products` (`id`, `name`, `model`, `article`, `brand_id`, `category_id`, `size`, `color`, `orient`) VALUES (526,'Клюшка','Вратаря ONE75 P31 Goal JR (22.5\"\")','1036604',5,11,NULL,'синяя; черн',NULL);
INSERT INTO `products` (`id`, `name`, `model`, `article`, `brand_id`, `category_id`, `size`, `color`, `orient`) VALUES (527,'Клюшка','Вратарская 6 XPulse YTH (13, 52 cm)','H454766200',3,12,NULL,NULL,'L');
INSERT INTO `products` (`id`, `name`, `model`, `article`, `brand_id`, `category_id`, `size`, `color`, `orient`) VALUES (528,'Клюшка','Вратарская 6 XPulse INT (13, 61 cm)','H45766400',3,9,NULL,NULL,'L');
INSERT INTO `products` (`id`, `name`, `model`, `article`, `brand_id`, `category_id`, `size`, `color`, `orient`) VALUES (529,'Клюшка','Вратарская 7000 JR','H474825802',3,11,NULL,NULL,'L');
INSERT INTO `products` (`id`, `name`, `model`, `article`, `brand_id`, `category_id`, `size`, `color`, `orient`) VALUES (530,'Клюшка','Вратарская Nitro Magnum 4000 JR (58 см/13)','',19,11,NULL,NULL,'L');
INSERT INTO `products` (`id`, `name`, `model`, `article`, `brand_id`, `category_id`, `size`, `color`, `orient`) VALUES (531,'Клюшка','Вратарская 377 Goalie Stick 67/13 Curve','',10,9,NULL,NULL,'L');
INSERT INTO `products` (`id`, `name`, `model`, `article`, `brand_id`, `category_id`, `size`, `color`, `orient`) VALUES (532,'Клюшка','Вратарская 377 Goalie Stick 67/13 Open','',10,9,NULL,NULL,'L');
INSERT INTO `products` (`id`, `name`, `model`, `article`, `brand_id`, `category_id`, `size`, `color`, `orient`) VALUES (533,'Клюшка','Вратарская 377 Goalie Stick 69/13 Curve','',10,9,NULL,NULL,'L');
INSERT INTO `products` (`id`, `name`, `model`, `article`, `brand_id`, `category_id`, `size`, `color`, `orient`) VALUES (534,'Клюшка','Вратарская Response Plus Goaler Comp (Hasek) JR','',11,11,NULL,NULL,'L');
INSERT INTO `products` (`id`, `name`, `model`, `article`, `brand_id`, `category_id`, `size`, `color`, `orient`) VALUES (535,'Клюшка','Вратарская Response Plus Goaler Comp Heel (Hasek)','',11,9,NULL,NULL,'L');
INSERT INTO `products` (`id`, `name`, `model`, `article`, `brand_id`, `category_id`, `size`, `color`, `orient`) VALUES (536,'Сумка','Вратаря с колесами Deluxe Wheeled Bag Sr','1032785',5,19,'45\"\"','черн',NULL);
INSERT INTO `products` (`id`, `name`, `model`, `article`, `brand_id`, `category_id`, `size`, `color`, `orient`) VALUES (537,'Сумка','Вратаря Deluxe Carry Bag Sr','1032787',5,19,'42\"\"','черн',NULL);
INSERT INTO `products` (`id`, `name`, `model`, `article`, `brand_id`, `category_id`, `size`, `color`, `orient`) VALUES (538,'Сумка','Вратаря для щитков','H462022000',3,19,NULL,NULL,NULL);
INSERT INTO `products` (`id`, `name`, `model`, `article`, `brand_id`, `category_id`, `size`, `color`, `orient`) VALUES (539,'Сумка','Вратарская SWS с колесами','',21,19,'44\"\"',NULL,NULL);
INSERT INTO `products` (`id`, `name`, `model`, `article`, `brand_id`, `category_id`, `size`, `color`, `orient`) VALUES (540,'Трубка','Композитная ONE95 Comp Shaft SR','1031583',5,13,NULL,NULL,NULL);
INSERT INTO `products` (`id`, `name`, `model`, `article`, `brand_id`, `category_id`, `size`, `color`, `orient`) VALUES (541,'Трубка','Композитная Vapor X:60 SE Comp .620 SR-112','1033029',5,13,NULL,NULL,NULL);
INSERT INTO `products` (`id`, `name`, `model`, `article`, `brand_id`, `category_id`, `size`, `color`, `orient`) VALUES (542,'Трубка','Композитная Vapor X:60 SE Comp .620 SR-102','1033030',5,13,NULL,NULL,NULL);
INSERT INTO `products` (`id`, `name`, `model`, `article`, `brand_id`, `category_id`, `size`, `color`, `orient`) VALUES (543,'Трубка','Композитная ONE55 Comp Shaft (52) JR','1036608',5,13,NULL,NULL,NULL);
INSERT INTO `products` (`id`, `name`, `model`, `article`, `brand_id`, `category_id`, `size`, `color`, `orient`) VALUES (544,'Трубка','Композитная U+ RBS 50 SR','H354950550',2,13,NULL,NULL,NULL);
INSERT INTO `products` (`id`, `name`, `model`, `article`, `brand_id`, `category_id`, `size`, `color`, `orient`) VALUES (545,'Трубка','Композитная U+ RBS 55 SR','H354950555',2,13,NULL,NULL,NULL);
INSERT INTO `products` (`id`, `name`, `model`, `article`, `brand_id`, `category_id`, `size`, `color`, `orient`) VALUES (546,'Трубка','Композитная U+ RBS 60 SR','H354950560',2,13,NULL,NULL,NULL);
INSERT INTO `products` (`id`, `name`, `model`, `article`, `brand_id`, `category_id`, `size`, `color`, `orient`) VALUES (547,'Трубка','Композитная U+10 SR','H374834000',2,13,'40',NULL,NULL);
INSERT INTO `products` (`id`, `name`, `model`, `article`, `brand_id`, `category_id`, `size`, `color`, `orient`) VALUES (548,'Рукоятка','Композитная STEALTH S15 GRIP INT75','A117967075',9,13,NULL,NULL,NULL);
INSERT INTO `products` (`id`, `name`, `model`, `article`, `brand_id`, `category_id`, `size`, `color`, `orient`) VALUES (549,'Рукоятка','Композитная Carbon Gibrid Flex Stiff JR','',10,13,NULL,NULL,NULL);
INSERT INTO `products` (`id`, `name`, `model`, `article`, `brand_id`, `category_id`, `size`, `color`, `orient`) VALUES (550,'Рукоятка','Композитная Carbon Gibrid SR','',10,13,NULL,NULL,NULL);
INSERT INTO `products` (`id`, `name`, `model`, `article`, `brand_id`, `category_id`, `size`, `color`, `orient`) VALUES (551,'Рукоятка','Композитная Carbon Gibrid Stiff SR','',10,13,NULL,NULL,NULL);
INSERT INTO `products` (`id`, `name`, `model`, `article`, `brand_id`, `category_id`, `size`, `color`, `orient`) VALUES (552,'Рукоятка','Композитная Extra Stiff SR','',10,13,NULL,NULL,NULL);
INSERT INTO `products` (`id`, `name`, `model`, `article`, `brand_id`, `category_id`, `size`, `color`, `orient`) VALUES (553,'Рукоятка','Композитная FLEX 75 JR','',10,13,NULL,'черн',NULL);
INSERT INTO `products` (`id`, `name`, `model`, `article`, `brand_id`, `category_id`, `size`, `color`, `orient`) VALUES (554,'Рукоятка','Композитная FLEX 110 SR','',10,13,NULL,'черн',NULL);
INSERT INTO `products` (`id`, `name`, `model`, `article`, `brand_id`, `category_id`, `size`, `color`, `orient`) VALUES (555,'Рукоятка','Композитная FLEX 120 SR','',10,13,NULL,'черн',NULL);
INSERT INTO `products` (`id`, `name`, `model`, `article`, `brand_id`, `category_id`, `size`, `color`, `orient`) VALUES (556,'Рукоятка','Композитная FLEX Extra Stiff JR','',10,13,NULL,NULL,NULL);
INSERT INTO `products` (`id`, `name`, `model`, `article`, `brand_id`, `category_id`, `size`, `color`, `orient`) VALUES (557,'Рукоятка','Композитная FLEX Stiff JR','',10,13,NULL,NULL,NULL);
INSERT INTO `products` (`id`, `name`, `model`, `article`, `brand_id`, `category_id`, `size`, `color`, `orient`) VALUES (558,'Рукоятка','Композитная Stiff SR','',10,13,NULL,NULL,NULL);
INSERT INTO `products` (`id`, `name`, `model`, `article`, `brand_id`, `category_id`, `size`, `color`, `orient`) VALUES (559,'Рукоятка','Композитная Armor Control XN10 Comp Int','',11,13,NULL,NULL,NULL);
INSERT INTO `products` (`id`, `name`, `model`, `article`, `brand_id`, `category_id`, `size`, `color`, `orient`) VALUES (560,'Рукоятка','Композитная Armor Control XN10 Reg JR','',11,13,NULL,NULL,NULL);
INSERT INTO `products` (`id`, `name`, `model`, `article`, `brand_id`, `category_id`, `size`, `color`, `orient`) VALUES (561,'Рукоятка','Композитная R2 Armor XN10 Control Flex Int','',11,13,NULL,NULL,NULL);
INSERT INTO `products` (`id`, `name`, `model`, `article`, `brand_id`, `category_id`, `size`, `color`, `orient`) VALUES (562,'Рукоятка','3385 Композитная Torpedo 30 INT','',14,13,NULL,NULL,NULL);
INSERT INTO `products` (`id`, `name`, `model`, `article`, `brand_id`, `category_id`, `size`, `color`, `orient`) VALUES (563,'Рукоятка','4490 Композитная Revolution Grip 40 KP','',14,13,NULL,NULL,NULL);
INSERT INTO `products` (`id`, `name`, `model`, `article`, `brand_id`, `category_id`, `size`, `color`, `orient`) VALUES (564,'Лопасть','Композитная U+10 SR','H374800208',2,13,NULL,NULL,NULL);
INSERT INTO `products` (`id`, `name`, `model`, `article`, `brand_id`, `category_id`, `size`, `color`, `orient`) VALUES (565,'Крюк','Композитный VAPOR X:20 JR','1032994',5,13,NULL,NULL,NULL);
INSERT INTO `products` (`id`, `name`, `model`, `article`, `brand_id`, `category_id`, `size`, `color`, `orient`) VALUES (566,'Крюк','Композитный VAPOR X:PRO SR Comp','1033009',5,13,NULL,NULL,NULL);
INSERT INTO `products` (`id`, `name`, `model`, `article`, `brand_id`, `category_id`, `size`, `color`, `orient`) VALUES (567,'Крюк','Композитный VAPOR X:60 SR','1033033',5,13,NULL,NULL,NULL);
INSERT INTO `products` (`id`, `name`, `model`, `article`, `brand_id`, `category_id`, `size`, `color`, `orient`) VALUES (568,'Крюк','Композитный Supreme ONEPRO3 SR','1035886',5,13,NULL,NULL,NULL);
INSERT INTO `products` (`id`, `name`, `model`, `article`, `brand_id`, `category_id`, `size`, `color`, `orient`) VALUES (569,'Крюк','Композитный Supreme TOTAL ONE SE','1035916',5,13,NULL,NULL,NULL);
INSERT INTO `products` (`id`, `name`, `model`, `article`, `brand_id`, `category_id`, `size`, `color`, `orient`) VALUES (570,'Лопасть','Композитная U+ Pro SR','H374800008',2,13,NULL,NULL,NULL);
INSERT INTO `products` (`id`, `name`, `model`, `article`, `brand_id`, `category_id`, `size`, `color`, `orient`) VALUES (571,'Лопасть','Композитная U+09 SR','H374800108',2,13,NULL,NULL,NULL);
INSERT INTO `products` (`id`, `name`, `model`, `article`, `brand_id`, `category_id`, `size`, `color`, `orient`) VALUES (572,'Крюк','Композитный Senior','',10,13,NULL,NULL,NULL);
INSERT INTO `products` (`id`, `name`, `model`, `article`, `brand_id`, `category_id`, `size`, `color`, `orient`) VALUES (573,'Лопасть','Сменная 2285 Pro Wood','H75428314',14,13,NULL,NULL,NULL);
INSERT INTO `products` (`id`, `name`, `model`, `article`, `brand_id`, `category_id`, `size`, `color`, `orient`) VALUES (574,'Гаситель','Для профессиональной хоккейной сетки (нить 3,1 мм)(3017)','',NULL,42,NULL,NULL,NULL);
INSERT INTO `products` (`id`, `name`, `model`, `article`, `brand_id`, `category_id`, `size`, `color`, `orient`) VALUES (575,'Сетка','Для хоккейных ворот тренировочная (нить 2,2 мм) с гасителями','',NULL,42,NULL,NULL,NULL);
INSERT INTO `products` (`id`, `name`, `model`, `article`, `brand_id`, `category_id`, `size`, `color`, `orient`) VALUES (576,'Стакан','Без лезвия TUUK Custom SR','1000780',5,18,NULL,NULL,NULL);
INSERT INTO `products` (`id`, `name`, `model`, `article`, `brand_id`, `category_id`, `size`, `color`, `orient`) VALUES (577,'Лезвие','TUUK Stainless Runner','1000800',5,18,NULL,NULL,NULL);
INSERT INTO `products` (`id`, `name`, `model`, `article`, `brand_id`, `category_id`, `size`, `color`, `orient`) VALUES (578,'Стакан','В сборе TUUK Ligtspeed','1020636',5,18,NULL,NULL,NULL);
INSERT INTO `products` (`id`, `name`, `model`, `article`, `brand_id`, `category_id`, `size`, `color`, `orient`) VALUES (579,'Стакан','В сборе TUUK LSPRO holder/stainless ranner','1032848',5,18,NULL,NULL,NULL);
INSERT INTO `products` (`id`, `name`, `model`, `article`, `brand_id`, `category_id`, `size`, `color`, `orient`) VALUES (580,'Лезвие','TUUK LS FUSION STEEL PKG(2) SR','1033303',5,18,NULL,NULL,NULL);
INSERT INTO `products` (`id`, `name`, `model`, `article`, `brand_id`, `category_id`, `size`, `color`, `orient`) VALUES (581,'Лезвие','TUUK LS 2.1 Power Steel','1034648',5,18,NULL,NULL,NULL);
INSERT INTO `products` (`id`, `name`, `model`, `article`, `brand_id`, `category_id`, `size`, `color`, `orient`) VALUES (582,'Стакан','В сборе TUUK Custom','1000783',5,18,NULL,NULL,NULL);
INSERT INTO `products` (`id`, `name`, `model`, `article`, `brand_id`, `category_id`, `size`, `color`, `orient`) VALUES (583,'Стакан','В сборе TUUK Ligtspeed-II JR','1025124',5,18,NULL,NULL,NULL);
INSERT INTO `products` (`id`, `name`, `model`, `article`, `brand_id`, `category_id`, `size`, `color`, `orient`) VALUES (584,'Лезвие','Runner Stainless','H349008500',2,18,NULL,NULL,NULL);
INSERT INTO `products` (`id`, `name`, `model`, `article`, `brand_id`, `category_id`, `size`, `color`, `orient`) VALUES (585,'Сандали','Nike Player Slide','1020254',5,27,NULL,NULL,NULL);
INSERT INTO `products` (`id`, `name`, `model`, `article`, `brand_id`, `category_id`, `size`, `color`, `orient`) VALUES (586,'Шнурки','Хоккейные с пропиткой','',17,36,'244 см; 274 см',NULL,NULL);
INSERT INTO `products` (`id`, `name`, `model`, `article`, `brand_id`, `category_id`, `size`, `color`, `orient`) VALUES (587,'Подтяжки','7220 Suspender SR','',1,34,NULL,NULL,NULL);
INSERT INTO `products` (`id`, `name`, `model`, `article`, `brand_id`, `category_id`, `size`, `color`, `orient`) VALUES (588,'Чехлы для коньков','','1035753',5,37,NULL,NULL,NULL);
INSERT INTO `products` (`id`, `name`, `model`, `article`, `brand_id`, `category_id`, `size`, `color`, `orient`) VALUES (589,'Трусы','Судейские SUPREME 1000','1035476',5,8,NULL,NULL,NULL);
INSERT INTO `products` (`id`, `name`, `model`, `article`, `brand_id`, `category_id`, `size`, `color`, `orient`) VALUES (590,'Шнурки','Для коньков X920-305 хлопок','',27,36,'305 см','черные',NULL);
INSERT INTO `products` (`id`, `name`, `model`, `article`, `brand_id`, `category_id`, `size`, `color`, `orient`) VALUES (591,'Шайба','Хоккейная тренировочная облегченная','',16,35,NULL,NULL,NULL);
INSERT INTO `products` (`id`, `name`, `model`, `article`, `brand_id`, `category_id`, `size`, `color`, `orient`) VALUES (592,'Сумка','Wheel Hockey JR','',7,19,NULL,NULL,NULL);
INSERT INTO `products` (`id`, `name`, `model`, `article`, `brand_id`, `category_id`, `size`, `color`, `orient`) VALUES (593,'Сумка','Wheel Hockey SR','',7,19,NULL,NULL,NULL);
INSERT INTO `products` (`id`, `name`, `model`, `article`, `brand_id`, `category_id`, `size`, `color`, `orient`) VALUES (594,'Сумка','Спортивная Goalie Bag','',1,19,NULL,NULL,NULL);
INSERT INTO `products` (`id`, `name`, `model`, `article`, `brand_id`, `category_id`, `size`, `color`, `orient`) VALUES (595,'Сумка','Спортивная Goalie Wheel Bag','',1,19,NULL,NULL,NULL);
INSERT INTO `products` (`id`, `name`, `model`, `article`, `brand_id`, `category_id`, `size`, `color`, `orient`) VALUES (596,'Сумка','Спортивная Hockey Bag JR','',1,19,NULL,NULL,NULL);
INSERT INTO `products` (`id`, `name`, `model`, `article`, `brand_id`, `category_id`, `size`, `color`, `orient`) VALUES (597,'Сумка','Спортивная Hockey Bag SR','',1,19,NULL,NULL,NULL);
INSERT INTO `products` (`id`, `name`, `model`, `article`, `brand_id`, `category_id`, `size`, `color`, `orient`) VALUES (598,'Сумка','Спортивная Luxus Bag JR','',1,19,NULL,NULL,NULL);
INSERT INTO `products` (`id`, `name`, `model`, `article`, `brand_id`, `category_id`, `size`, `color`, `orient`) VALUES (599,'Сумка','Спортивная Luxus Bag SR','',1,19,NULL,NULL,NULL);
INSERT INTO `products` (`id`, `name`, `model`, `article`, `brand_id`, `category_id`, `size`, `color`, `orient`) VALUES (600,'Сумка','Спортивная Luxus Wheel Bag JR','',1,19,NULL,NULL,NULL);
INSERT INTO `products` (`id`, `name`, `model`, `article`, `brand_id`, `category_id`, `size`, `color`, `orient`) VALUES (601,'Сумка','Спортивная Luxus Wheel Bag SR','',1,19,NULL,NULL,NULL);
INSERT INTO `products` (`id`, `name`, `model`, `article`, `brand_id`, `category_id`, `size`, `color`, `orient`) VALUES (602,'Сумка','Vapor Carry Bag SR','',5,19,'38\"\"',NULL,NULL);
INSERT INTO `products` (`id`, `name`, `model`, `article`, `brand_id`, `category_id`, `size`, `color`, `orient`) VALUES (603,'Сумка','Vapor Carry Bag JR','',5,19,'33\"\"',NULL,NULL);
INSERT INTO `products` (`id`, `name`, `model`, `article`, `brand_id`, `category_id`, `size`, `color`, `orient`) VALUES (604,'Сумка','Team Nylon Carry Bag SR','',5,19,'40\"\"',NULL,NULL);
INSERT INTO `products` (`id`, `name`, `model`, `article`, `brand_id`, `category_id`, `size`, `color`, `orient`) VALUES (605,'Сумка','Для коньков JR','',5,19,NULL,NULL,NULL);
INSERT INTO `products` (`id`, `name`, `model`, `article`, `brand_id`, `category_id`, `size`, `color`, `orient`) VALUES (606,'Сумка','Для коньков SR','',5,19,NULL,NULL,NULL);
INSERT INTO `products` (`id`, `name`, `model`, `article`, `brand_id`, `category_id`, `size`, `color`, `orient`) VALUES (607,'Сумка','Для 3-х клюшек Individual Stick Bag','1032770',5,19,NULL,NULL,NULL);
INSERT INTO `products` (`id`, `name`, `model`, `article`, `brand_id`, `category_id`, `size`, `color`, `orient`) VALUES (608,'Сумка','Спортивная Duffle Bag SR','1033148',5,19,NULL,NULL,NULL);
INSERT INTO `products` (`id`, `name`, `model`, `article`, `brand_id`, `category_id`, `size`, `color`, `orient`) VALUES (609,'Сумка','С колесами DeLuxe Hockey Cooler','1034016',5,19,NULL,NULL,NULL);
INSERT INTO `products` (`id`, `name`, `model`, `article`, `brand_id`, `category_id`, `size`, `color`, `orient`) VALUES (610,'Сумка','Спортивная Carry Bag JR','1034019',5,19,NULL,NULL,NULL);
INSERT INTO `products` (`id`, `name`, `model`, `article`, `brand_id`, `category_id`, `size`, `color`, `orient`) VALUES (611,'Сумка','Спортивная Carry Bag SR','1034021',5,19,NULL,NULL,NULL);
INSERT INTO `products` (`id`, `name`, `model`, `article`, `brand_id`, `category_id`, `size`, `color`, `orient`) VALUES (612,'Сумка','С колесами Wheel Bag SR','1034024',5,19,NULL,NULL,NULL);
INSERT INTO `products` (`id`, `name`, `model`, `article`, `brand_id`, `category_id`, `size`, `color`, `orient`) VALUES (613,'Сумка','Для 36 клюшек на колесах TEAM Wheel','H362002214',2,19,NULL,NULL,NULL);
INSERT INTO `products` (`id`, `name`, `model`, `article`, `brand_id`, `category_id`, `size`, `color`, `orient`) VALUES (614,'Сумка','Тренера SportBag','H362220714',2,19,NULL,NULL,NULL);
INSERT INTO `products` (`id`, `name`, `model`, `article`, `brand_id`, `category_id`, `size`, `color`, `orient`) VALUES (615,'Сумка','Хоккейная с колесами-органайзер TOWER JR','',15,19,NULL,'красный',NULL);
INSERT INTO `products` (`id`, `name`, `model`, `article`, `brand_id`, `category_id`, `size`, `color`, `orient`) VALUES (616,'Сумка','Для шлема ProBag','',24,19,NULL,NULL,NULL);
/*!40000 ALTER TABLE `products` ENABLE KEYS */;
UNLOCK TABLES;
/*!40103 SET TIME_ZONE=@OLD_TIME_ZONE */;

/*!40101 SET SQL_MODE=@OLD_SQL_MODE */;
/*!40014 SET FOREIGN_KEY_CHECKS=@OLD_FOREIGN_KEY_CHECKS */;
/*!40014 SET UNIQUE_CHECKS=@OLD_UNIQUE_CHECKS */;
/*!40101 SET CHARACTER_SET_CLIENT=@OLD_CHARACTER_SET_CLIENT */;
/*!40101 SET CHARACTER_SET_RESULTS=@OLD_CHARACTER_SET_RESULTS */;
/*!40101 SET COLLATION_CONNECTION=@OLD_COLLATION_CONNECTION */;
/*!40111 SET SQL_NOTES=@OLD_SQL_NOTES */;

